,Unnamed: 0,Name,Location,Year,Kilometers_Driven,Owner_Type,Mileage,Engine,Power,Seats,New_Price,Price,Fuel_Type_Diesel,Fuel_Type_Petrol,Transmission_Automatic,Transmission_Manual,Car_Age
1,2,Honda Jazz V,Chennai,2011,46000,First,13,1199,887,5.0,861,4.5,0,1,0,1,12
5,7,Toyota Innova Crysta 2.8 GX AT 8S,Mumbai,2016,36000,First,1136,2755,1715,8.0,21,17.5,1,0,1,0,7
8,10,Maruti Ciaz Zeta,Kochi,2018,25692,First,2156,1462,10325,5.0,1065,9.95,0,1,0,1,5
13,15,Mitsubishi Pajero Sport 4X4,Delhi,2014,110000,First,135,2477,17556,7.0,3201,15.0,1,0,0,1,9
18,20,BMW 3 Series 320d,Kochi,2014,32982,First,2269,1995,190,5.0,4787,18.55,1,0,1,0,9
26,28,Honda WRV i-VTEC VX,Kochi,2018,37430,First,175,1199,887,5.0,1057,9.9,0,1,0,1,5
32,34,Volkswagen Vento 1.6 Highline,Coimbatore,2014,55431,Second,1609,1598,1035,5.0,1233,6.98,0,1,0,1,9
34,36,Maruti Vitara Brezza ZDi Plus,Kochi,2018,50075,First,243,1248,885,5.0,1112,8.63,1,0,0,1,5
42,44,Hyundai Elantra 2.0 SX Option AT,Bangalore,2014,46374,First,1462,1999,14992,5.0,2364,8.85,0,1,1,0,9
45,47,Toyota Innova Crysta 2.7 GX MT,Bangalore,2012,70704,First,1125,2694,1637,7.0,1864,10.95,0,1,0,1,11
58,60,Toyota Innova Crysta 2.4 GX MT 8S,Mumbai,2017,22000,First,1368,2393,1478,8.0,1934,16.5,1,0,0,1,6
65,67,Mercedes-Benz C-Class Progressive C 220d,Coimbatore,2019,15369,First,0,1950,194,5.0,4914,35.67,1,0,1,0,4
67,69,Hyundai Creta 1.4 E Plus Diesel,Mumbai,2018,13000,First,221,1396,887,5.0,1181,10.5,1,0,0,1,5
71,73,Nissan Terrano XV D Pre,Kochi,2015,56066,First,1964,1461,1085,5.0,1665,6.92,1,0,0,1,8
77,81,Tata Zest Revotron 1.2T XE,Pune,2017,70000,First,1757,1193,887,5.0,667,4.5,0,1,0,1,6
97,102,Datsun GO Plus T Petrol,Pune,2017,32851,First,1983,1198,67,7.0,645,3.95,0,1,0,1,6
101,106,Toyota Etios Liva 1.2 G,Ahmedabad,2014,53000,First,1771,1197,789,5.0,641,3.9,0,1,0,1,9
105,110,Toyota Innova Crysta 2.8 ZX AT,Mumbai,2017,30000,First,1136,2755,1715,7.0,27,19.25,1,0,1,0,6
106,111,Maruti Eeco 5 Seater AC,Coimbatore,2017,38053,First,151,1196,73,5.0,513,3.91,0,1,0,1,6
108,113,BMW 3 Series 320d Luxury Line,Mumbai,2015,56087,First,2269,1995,190,5.0,5443,20.75,1,0,1,0,8
112,117,Nissan Micra XV CVT,Coimbatore,2016,39882,First,1915,1198,7594,5.0,951,6.55,0,1,1,0,7
114,119,Maruti Vitara Brezza VDi,Mumbai,2016,55000,First,243,1248,885,5.0,996,7.5,1,0,0,1,7
116,122,Hyundai Verna CRDi 1.6 SX Option,Kolkata,2018,10250,First,220,1582,1262,5.0,1444,10.95,1,0,0,1,5
126,133,Maruti Alto K10 VXI,Hyderabad,2014,88500,First,2407,998,671,5.0,453,2.6,0,1,0,1,9
127,134,Mercedes-Benz SLC 43 AMG,Kolkata,2017,13372,First,190,2996,36207,2.0,9504,54.0,0,1,1,0,6
128,135,Hyundai Verna VTVT 1.6 AT SX Plus,Kochi,2019,12645,First,170,1591,1213,5.0,1349,11.5,0,1,1,0,4
140,148,Audi RS5 Coupe,Mumbai,2013,23000,First,1105,2894,444,4.0,128,37.0,0,1,1,0,10
141,149,BMW 3 Series Luxury Line,Mumbai,2014,48000,First,2176,1995,190,5.0,6088,26.5,1,0,1,0,9
165,173,Hyundai Grand i10 1.2 Kappa Asta,Kolkata,2019,1000,First,189,1197,8186,5.0,739,6.5,0,1,0,1,4
174,182,BMW 5 Series 520d Luxury Line,Hyderabad,2014,51000,First,2248,1995,190,5.0,6947,33.5,1,0,1,0,9
179,187,Maruti Baleno Alpha,Kochi,2017,24773,First,214,1197,831,5.0,878,7.5,0,1,0,1,6
185,193,Maruti Ertiga ZDI,Mumbai,2016,33000,First,2547,1248,8850,7.0,1274,8.5,1,0,0,1,7
192,200,Mahindra NuvoSport N6,Chennai,2017,29000,Second,1745,1493,100,7.0,1052,6.5,1,0,0,1,6
193,201,Maruti Vitara Brezza ZDi Plus Dual Tone,Mumbai,2016,20000,First,243,1248,885,5.0,1198,9.0,1,0,0,1,7
202,210,Honda Amaze S Diesel,Kolkata,2013,45000,First,274,1498,986,5.0,854,3.25,1,0,0,1,10
211,219,Skoda Superb Style 1.8 TSI AT,Hyderabad,2017,26000,First,1467,1798,17746,5.0,3358,26.0,0,1,1,0,6
215,223,Mahindra Verito 1.5 D4 BSIV,Hyderabad,2013,107000,First,2103,1461,65,5.0,912,3.7,1,0,0,1,10
217,225,Maruti Wagon R VXI,Kolkata,2013,32000,First,225,998,6704,5.0,529,2.65,0,1,0,1,10
219,228,Mini Cooper Convertible S,Kochi,2017,26327,First,1682,1998,18908,4.0,4428,35.67,0,1,1,0,6
226,235,Toyota Innova Crysta 2.8 GX AT,Kochi,2019,14165,First,1136,2755,1715,7.0,2074,19.64,1,0,1,0,4
228,237,Honda City i-VTEC V,Kolkata,2011,32572,First,174,1497,1173,5.0,1174,3.87,0,1,0,1,12
246,256,Toyota Innova Crysta 2.4 ZX MT,Pune,2017,43000,First,1368,2393,1478,7.0,2552,18.65,1,0,0,1,6
251,261,Hyundai Verna CRDi 1.6 SX,Hyderabad,2008,143275,First,220,1582,1262,5.0,1407,2.6,1,0,0,1,15
253,264,Mercedes-Benz GLE 350d,Coimbatore,2017,29819,First,1157,2987,25479,5.0,9513,61.29,1,0,1,0,6
266,277,Tata Zest Quadrajet 1.3 75PS XE,Pune,2017,121900,First,2295,1248,74,5.0,834,3.75,1,0,0,1,6
279,290,Tata Zest Quadrajet 1.3 75PS XE,Pune,2018,45000,First,2295,1248,74,5.0,834,5.25,1,0,0,1,5
282,293,Honda Jazz VX,Delhi,2015,62178,First,182,1199,887,5.0,885,4.85,0,1,0,1,8
287,298,Toyota Innova Crysta 2.4 ZX MT,Chennai,2016,48000,First,1368,2393,1478,7.0,254,20.25,1,0,0,1,7
292,303,Honda City i-VTEC CVT ZX,Mumbai,2017,15000,First,180,1497,1173,5.0,1667,12.69,0,1,1,0,6
297,310,Mercedes-Benz GLE 250d,Hyderabad,2017,29000,First,179,2143,20115,5.0,7943,57.0,1,0,1,0,6
301,314,Honda Brio 1.2 VX MT,Kochi,2012,91931,First,185,1198,868,5.0,662,3.13,0,1,0,1,11
314,327,Audi Q7 45 TDI Quattro Technology,Coimbatore,2017,97430,First,1475,2967,245,7.0,104,62.67,1,0,1,0,6
329,343,Maruti Vitara Brezza LDi,Chennai,2016,45000,First,243,1248,885,5.0,912,7.15,1,0,0,1,7
334,348,BMW 3 Series Luxury Line,Kochi,2015,30717,Second,2176,1995,190,5.0,5867,25.99,1,0,1,0,8
337,351,Skoda Octavia RS,Jaipur,2005,100000,First,1445,1984,227,5.0,2837,2.05,0,1,1,0,18
338,352,Maruti Alto K10 VXI,Pune,2017,30000,First,2407,998,671,5.0,448,3.75,0,1,0,1,6
341,355,Jaguar XF 2.0 Diesel Portfolio,Hyderabad,2017,21000,First,1933,1999,177,5.0,7264,52.0,1,0,1,0,6
343,357,Skoda Superb L&K 1.8 TSI AT,Kochi,2019,13747,First,1467,1798,17746,5.0,3615,27.3,0,1,1,0,4
351,365,Mini Clubman Cooper S,Pune,2017,8350,First,138,1998,192,5.0,4459,35.0,0,1,0,1,6
358,372,Maruti Vitara Brezza ZDi Plus,Hyderabad,2017,39000,First,243,1248,885,5.0,12,9.49,1,0,0,1,6
366,380,Honda BRV i-VTEC V CVT,Kochi,2017,35676,First,160,1497,1173,7.0,1465,9.48,0,1,1,0,6
374,389,Jaguar XE Portfolio,Mumbai,2017,9000,First,135,1999,24674,5.0,5372,34.5,0,1,1,0,6
386,401,Mitsubishi Pajero Sport 4X2 AT DualTone BlackTop,Hyderabad,2018,12000,First,135,2477,17556,7.0,3391,28.0,1,0,1,0,5
398,413,BMW 3 Series Luxury Line,Mumbai,2015,41000,First,2176,1995,190,5.0,6088,25.5,1,0,1,0,8
399,414,Honda BR-V i-VTEC S MT,Pune,2017,9000,First,154,1497,1173,7.0,1251,8.5,0,1,0,1,6
402,417,Hyundai i20 Active SX Petrol,Jaipur,2017,40250,First,1719,1197,8186,5.0,974,6.9,0,1,0,1,6
403,418,Mercedes-Benz GLC 43 AMG Coupe,Coimbatore,2018,22397,First,115,2996,367,5.0,9538,70.99,0,1,1,0,5
408,423,Audi A6 35 TFSI Matrix,Mumbai,2016,47000,First,1526,1798,18774,5.0,6059,24.5,0,1,1,0,7
411,427,Mini Cooper Convertible S,Mumbai,2014,11900,First,1682,1998,18908,4.0,4428,28.5,0,1,1,0,9
424,442,Mahindra Bolero ZLX,Coimbatore,2016,82756,First,1596,2523,621,7.0,1128,7.7,1,0,0,1,7
427,446,Volkswagen Vento 1.6 Comfortline,Mumbai,2017,15000,Second,1609,1598,1035,5.0,1148,7.1,0,1,0,1,6
437,456,Maruti S-Cross Delta DDiS 200 SH,Delhi,2018,12923,First,251,1248,885,5.0,1126,8.92,1,0,0,1,5
438,457,Audi Q3 35 TDI Quattro Premium Plus,Coimbatore,2016,86642,First,1517,1968,181,5.0,4365,20.37,1,0,1,0,7
439,458,BMW 3 Series Luxury Line,Bangalore,2016,19235,First,2176,1995,190,5.0,6207,36.5,1,0,1,0,7
453,473,Mercedes-Benz E-Class E 220 d,Kochi,2018,26405,First,126,1950,19134,5.0,8697,51.43,0,1,1,0,5
469,489,Mercedes-Benz GLS 350d 4MATIC,Pune,2017,129000,First,110,2987,258,7.0,1,56.0,1,0,1,0,6
498,518,Maruti Wagon R LXI,Ahmedabad,2012,30000,First,225,998,6704,5.0,474,3.3,0,1,0,1,11
499,519,Hyundai Creta 1.6 SX,Chennai,2016,69434,First,158,1591,1213,5.0,1484,8.0,0,1,0,1,7
524,544,Mercedes-Benz New C-Class Progressive C 200,Kochi,2019,13190,First,0,1950,18143,5.0,4949,38.99,0,1,1,0,4
529,549,BMW X1 sDrive 20d xLine,Coimbatore,2017,31645,First,2068,1995,190,5.0,4818,29.4,1,0,1,0,6
535,555,Maruti Ertiga ZDI,Pune,2013,105000,Second,2547,1248,8850,7.0,1234,6.75,1,0,0,1,10
538,558,Skoda Rapid 1.5 TDI Style,Hyderabad,2017,31000,First,2113,1498,1084,5.0,1538,10.5,1,0,0,1,6
542,562,Toyota Innova Crysta 2.8 GX AT,Ahmedabad,2016,100200,First,1136,2755,1715,7.0,1921,17.0,1,0,1,0,7
548,568,Jeep Compass 2.0 Limited,Jaipur,2018,29000,First,171,1956,170,5.0,2295,19.0,1,0,0,1,5
553,573,Mahindra Bolero ZLX,Jaipur,2012,105000,Second,1596,2523,621,7.0,1115,6.0,1,0,0,1,11
557,578,Volkswagen Polo 1.5 TDI Highline,Coimbatore,2018,33558,First,2014,1498,88,5.0,1032,8.12,1,0,0,1,5
578,599,Toyota Innova Crysta 2.8 ZX AT,Coimbatore,2019,40674,First,1136,2755,1715,7.0,2805,24.82,1,0,1,0,4
582,603,Mercedes-Benz GLC 220d 4MATIC Style,Mumbai,2018,10003,First,179,2143,170,5.0,5977,48.5,1,0,1,0,5
583,604,Volkswagen Vento 1.5 TDI Highline AT,Mumbai,2016,25000,First,215,1498,1085,5.0,1586,9.45,1,0,1,0,7
594,615,Toyota Innova Crysta 2.4 GX MT 8S,Hyderabad,2017,52000,First,1368,2393,1478,8.0,1943,17.5,1,0,0,1,6
597,618,Maruti Vitara Brezza ZDi,Pune,2016,21558,First,243,1248,885,5.0,1065,8.9,1,0,0,1,7
610,632,Mini Cooper 5 DOOR D,Mumbai,2016,11000,First,207,1496,11398,5.0,4212,29.5,1,0,1,0,7
613,635,Tata Safari Storme VX Varicor 400,Jaipur,2017,37000,First,141,2179,154,7.0,1695,11.25,1,0,0,1,6
614,636,Honda BR-V i-DTEC VX MT,Kochi,2017,32249,First,219,1498,986,7.0,1545,10.79,1,0,0,1,6
617,639,Maruti Ignis 1.2 Alpha,Mumbai,2017,7000,First,2089,1197,8180,5.0,787,5.7,0,1,0,1,6
630,654,Maruti Alto K10 VXI,Bangalore,2011,64357,First,2407,998,671,5.0,47,2.75,0,1,0,1,12
633,657,Honda BRV i-VTEC V CVT,Mumbai,2017,18000,First,160,1497,1173,7.0,1502,9.25,0,1,1,0,6
644,668,Maruti Vitara Brezza ZDi Plus Dual Tone,Coimbatore,2017,18108,First,243,1248,885,5.0,1256,11.31,1,0,0,1,6
647,671,Nissan Sunny XV CVT,Kochi,2013,37199,First,175,1498,996,5.0,1133,5.43,0,1,1,0,10
673,697,Toyota Innova Crysta 2.4 ZX MT,Bangalore,2017,64798,First,1368,2393,1478,7.0,2645,18.75,1,0,0,1,6
690,714,Maruti Dzire AMT ZXI Plus,Hyderabad,2017,13000,First,220,1197,8180,5.0,1034,8.5,0,1,1,0,6
707,731,Hyundai Grand i10 1.2 CRDi Magna,Kolkata,2017,14000,First,240,1186,7397,5.0,746,4.9,1,0,0,1,6
708,732,Honda City i-VTEC V,Delhi,2014,55818,Second,174,1497,1173,5.0,1185,5.7,0,1,0,1,9
716,741,Maruti Ertiga VDI,Ahmedabad,2017,63939,First,2547,1248,8850,7.0,1041,7.75,1,0,0,1,6
717,742,Maruti Celerio VXI AMT,Delhi,2014,35214,Second,231,998,6704,5.0,557,3.2,0,1,1,0,9
721,746,Mini Cooper 5 DOOR D,Hyderabad,2014,60000,Second,207,1496,11398,5.0,4248,23.5,1,0,1,0,9
724,750,Honda City i-VTEC CVT VX,Bangalore,2015,18955,First,180,1497,1173,5.0,1604,10.65,0,1,1,0,8
730,756,Honda Jazz VX,Kochi,2018,20024,First,182,1199,887,5.0,91,8.46,0,1,0,1,5
736,762,Ford Figo Titanium Diesel,Kolkata,2015,72035,First,255,1498,99,5.0,765,2.5,1,0,0,1,8
758,784,Hyundai Creta 1.6 SX,Ahmedabad,2016,21000,First,158,1591,1213,5.0,1374,10.9,0,1,0,1,7
765,791,Maruti Wagon R VXI,Coimbatore,2015,72599,First,225,998,6704,5.0,572,4.32,0,1,0,1,8
770,796,Mahindra XUV500 W9 AT,Coimbatore,2019,19654,First,140,2179,155,7.0,2133,17.63,1,0,1,0,4
776,802,Mercedes-Benz GLE 250d,Mumbai,2016,21000,First,179,2143,20115,5.0,7876,56.0,1,0,1,0,7
783,809,Honda Amaze VX Diesel,Hyderabad,2018,12000,First,274,1498,986,5.0,1034,8.5,1,0,0,1,5
787,813,Maruti Alto K10 LXI,Pune,2014,49000,First,2407,998,671,5.0,429,2.3,0,1,0,1,9
799,825,Volkswagen Ameo 1.5 TDI Highline,Mumbai,2017,51000,First,2166,1498,10862,5.0,1004,6.45,1,0,0,1,6
811,838,Mahindra Xylo H4,Chennai,2016,215000,First,1402,2179,1183,7.0,1167,7.5,1,0,0,1,7
822,850,Toyota Innova Crysta 2.4 ZX MT,Pune,2017,43200,First,1368,2393,1478,7.0,2552,18.6,1,0,0,1,6
841,869,Hyundai Xcent 1.2 CRDi S,Jaipur,2018,25302,First,254,1186,7397,5.0,856,5.9,1,0,0,1,5
847,875,Toyota Innova Crysta 2.8 ZX AT,Kochi,2018,41736,First,1136,2755,1715,7.0,27,19.92,1,0,1,0,5
850,878,Renault KWID 1.0 RXT Optional,Jaipur,2017,63262,First,217,999,67,5.0,478,3.25,0,1,0,1,6
852,880,Maruti Celerio VXI Optional AMT,Pune,2017,7500,First,231,998,6704,5.0,614,5.0,0,1,1,0,6
856,884,Maruti Dzire VXI,Kolkata,2011,46687,First,220,1197,8180,5.0,73,2.7,0,1,0,1,12
868,897,Datsun redi-GO T Option,Bangalore,2016,20487,First,227,799,5364,5.0,437,2.66,0,1,0,1,7
883,912,Maruti Eeco 7 Seater Standard,Coimbatore,2012,56661,First,151,1196,73,7.0,498,3.61,0,1,0,1,11
889,919,Honda City i-VTEC CVT VX,Mumbai,2015,30000,First,180,1497,1173,5.0,1529,8.65,0,1,1,0,8
907,940,Jeep Compass 2.0 Limited 4X4,Mumbai,2017,52000,First,163,1956,170,5.0,2426,20.0,1,0,0,1,6
908,941,Land Rover Range Rover Evoque 2.0 TD4 HSE Dynamic,Kochi,2018,31427,First,1568,1999,177,5.0,7512,59.72,1,0,1,0,5
909,942,Maruti Baleno Alpha Diesel,Kolkata,2016,29000,First,2739,1248,74,5.0,953,6.5,1,0,0,1,7
913,946,Mitsubishi Pajero Sport 4X4,Bangalore,2013,132000,First,135,2477,17556,7.0,346,12.49,1,0,0,1,10
919,952,Toyota Innova Crysta 2.4 ZX MT,Coimbatore,2018,92056,First,1368,2393,1478,7.0,2645,18.39,1,0,0,1,5
921,954,Honda Jazz VX Diesel,Mumbai,2016,38000,First,273,1498,986,5.0,1115,6.21,1,0,0,1,7
929,962,Mercedes-Benz C-Class Progressive C 220d,Mumbai,2018,8682,First,0,1950,194,5.0,5226,39.5,1,0,1,0,5
951,984,BMW 5 Series 520d Luxury Line,Mumbai,2012,61240,First,2248,1995,190,5.0,7043,17.5,1,0,1,0,11
967,1001,Renault KWID RXT Optional,Hyderabad,2018,1900,First,2517,799,533,5.0,48,4.45,0,1,0,1,5
976,1010,Ford Ecosport Signature Edition Diesel,Coimbatore,2019,23154,First,230,1498,9896,5.0,1212,11.65,1,0,0,1,4
978,1012,Toyota Innova Crysta 2.4 GX MT,Chennai,2017,67489,First,1368,2393,1478,7.0,1937,16.5,1,0,0,1,6
983,1017,Volkswagen Vento 1.5 TDI Comfortline,Coimbatore,2014,56658,First,2064,1498,1085,5.0,1214,5.39,1,0,0,1,9
996,1030,Toyota Fortuner 2.8 4WD MT,Kochi,2013,105072,First,1424,2755,1745,7.0,3669,13.28,1,0,0,1,10
1005,1039,Jeep Compass 1.4 Limited Option,Mumbai,2017,4000,First,160,1368,160,5.0,2368,17.75,0,1,1,0,6
1010,1044,Audi A4 35 TDI Technology,Hyderabad,2015,45000,First,1825,1968,18774,5.0,5561,25.0,1,0,1,0,8
1016,1050,Ford EcoSport 1.5 Petrol Titanium Plus AT,Coimbatore,2018,18385,First,148,1497,12136,5.0,141,12.41,0,1,1,0,5
1022,1056,Maruti S-Cross Zeta DDiS 200 SH,Coimbatore,2016,74611,First,251,1248,885,5.0,1326,7.94,1,0,0,1,7
1031,1065,Toyota Innova Crysta 2.8 ZX AT,Bangalore,2016,108000,First,1136,2755,1715,7.0,2805,20.5,1,0,1,0,7
1037,1072,Maruti Ertiga VDI,Pune,2016,130000,First,2547,1248,8850,7.0,1127,7.0,1,0,0,1,7
1042,1077,Maruti Vitara Brezza ZDi Plus,Kochi,2019,34688,First,243,1248,885,5.0,112,10.49,1,0,0,1,4
1045,1080,Tata Zest Revotron 1.2 XT,Mumbai,2014,40000,First,1757,1193,887,5.0,856,3.95,0,1,0,1,9
1059,1094,Maruti Vitara Brezza VDi,Kolkata,2017,35000,First,243,1248,885,5.0,946,6.5,1,0,0,1,6
1061,1096,Mahindra XUV300 W8 Diesel,Chennai,2012,97000,First,200,1497,115,5.0,1279,7.25,1,0,0,1,11
1062,1097,Hyundai Verna CRDi 1.6 SX Option,Kochi,2014,89614,First,220,1582,1262,5.0,1557,6.01,1,0,0,1,9
1068,1103,Tata Hexa XT,Delhi,2017,55000,First,176,2179,15386,7.0,1986,12.0,1,0,0,1,6
1075,1110,Tata Tiago 1.2 Revotron XZ,Coimbatore,2018,9565,First,2384,1199,84,5.0,659,5.88,0,1,0,1,5
1078,1113,Mercedes-Benz E-Class E 220 d,Kochi,2018,20446,First,126,1950,19134,5.0,8697,51.35,0,1,1,0,5
1082,1117,Mini Cooper 5 DOOR D,Ahmedabad,2014,34000,First,207,1496,11398,5.0,4212,22.0,1,0,1,0,9
1103,1139,Hyundai Grand i10 1.2 Kappa Magna,Delhi,2017,8471,First,189,1197,8186,5.0,654,5.0,0,1,0,1,6
1104,1140,Toyota Innova Crysta 2.8 ZX AT,Hyderabad,2016,69000,First,1136,2755,1715,7.0,2656,19.75,1,0,1,0,7
1105,1141,Renault Duster 110PS Diesel RxZ AMT,Coimbatore,2017,30090,First,196,1461,10845,5.0,1505,11.44,1,0,1,0,6
1109,1146,Mahindra Bolero ZLX,Mumbai,2016,40448,First,1596,2523,621,7.0,1101,3.5,1,0,0,1,7
1110,1147,Maruti Vitara Brezza ZDi,Coimbatore,2018,64456,First,243,1248,885,5.0,11,10.46,1,0,0,1,5
1112,1149,Honda Amaze S Petrol,Kochi,2016,51672,First,195,1199,8876,5.0,755,5.68,0,1,0,1,7
1119,1157,Hyundai Grand i10 1.2 Kappa Asta,Hyderabad,2017,20000,First,189,1197,8186,5.0,782,5.98,0,1,0,1,6
1121,1159,Hyundai Grand i10 1.2 Kappa Magna,Kochi,2018,50234,First,189,1197,8186,5.0,632,4.77,0,1,0,1,5
1149,1187,Hyundai Verna VTVT 1.6 AT SX Option,Mumbai,2015,40600,First,170,1591,1213,5.0,1514,7.2,0,1,1,0,8
1150,1188,Hyundai Verna CRDi 1.6 AT SX Option,Ahmedabad,2013,87000,First,220,1582,1262,5.0,1572,5.9,1,0,1,0,10
1154,1192,Volvo S60 D4 Momentum,Hyderabad,2015,51000,First,2703,1969,190,5.0,4567,25.0,1,0,1,0,8
1157,1195,BMW 3 Series 320d Luxury Line,Chennai,2012,65000,First,2269,1995,190,5.0,547,14.0,1,0,1,0,11
1159,1197,Toyota Innova Crysta 2.4 VX MT,Hyderabad,2017,24393,First,1368,2393,1478,7.0,2287,20.4,1,0,0,1,6
1160,1198,Volkswagen Polo 1.0 MPI Trendline,Hyderabad,2019,1000,First,1878,999,75,5.0,674,5.68,0,1,0,1,4
1162,1200,Mitsubishi Pajero Sport 4X4,Mumbai,2013,59000,First,135,2477,17556,7.0,3309,12.75,1,0,0,1,10
1187,1226,Toyota Corolla Altis 1.8 VL CVT,Delhi,2017,21000,First,1428,1798,13803,5.0,2325,18.0,0,1,1,0,6
1191,1230,Toyota Corolla Altis 1.4 DG,Ahmedabad,2012,52000,First,2143,1364,8679,5.0,1927,6.5,1,0,0,1,11
1203,1242,Jaguar XE 2.0L Diesel Prestige,Delhi,2018,1000,First,136,1999,177,5.0,5277,40.0,1,0,1,0,5
1204,1243,Mahindra Xylo D4,Chennai,2016,85000,First,1495,2489,937,7.0,1167,6.15,1,0,0,1,7
1208,1247,Maruti Swift VDI,Kochi,2017,34613,First,284,1248,74,5.0,792,6.24,1,0,0,1,6
1217,1256,Hyundai Xcent 1.2 VTVT S,Bangalore,2014,54000,First,2014,1197,8186,5.0,785,5.5,0,1,0,1,9
1230,1270,Honda City i-VTEC CVT VX,Kochi,2018,22974,First,180,1497,1173,5.0,1555,11.97,0,1,1,0,5
1231,1272,Toyota Fortuner 2.8 2WD MT,Ahmedabad,2015,65012,First,1424,2755,1745,7.0,3245,18.9,1,0,0,1,8
1233,1274,Maruti Eeco 7 Seater Standard,Hyderabad,2015,90413,First,151,1196,73,7.0,483,2.95,0,1,0,1,8
1260,1301,Maruti Swift LDI,Mumbai,2015,14000,First,284,1248,74,5.0,713,5.25,1,0,0,1,8
1262,1303,BMW 5 Series 520d Luxury Line,Coimbatore,2012,44450,First,2248,1995,190,5.0,7182,24.68,1,0,1,0,11
1264,1305,BMW X1 M Sport sDrive 20d,Mumbai,2016,31000,First,1705,1995,190,5.0,5097,29.5,1,0,1,0,7
1272,1313,Hyundai Verna CRDi 1.4 E,Chennai,2008,121097,Second,240,1396,8876,5.0,1073,1.9,1,0,0,1,15
1276,1317,Fiat Linea Classic Plus 1.3 Multijet,Jaipur,2013,86000,Second,195,1248,75,5.0,95,2.5,1,0,0,1,10
1278,1320,BMW 3 Series 320d Luxury Line,Kochi,2013,37613,First,2269,1995,190,5.0,5246,13.95,1,0,1,0,10
1281,1324,Maruti Ignis 1.2 Delta,Coimbatore,2019,16862,First,2089,1197,8180,5.0,607,6.06,0,1,0,1,4
1292,1336,Audi Q7 45 TDI Quattro Technology,Mumbai,2016,20002,First,1475,2967,245,7.0,104,67.0,1,0,1,0,7
1316,1362,Maruti Alto K10 VXI,Kolkata,2018,2100,First,2407,998,671,5.0,433,3.6,0,1,0,1,5
1317,1363,Hyundai Grand i10 1.2 Kappa Sportz AT,Coimbatore,2018,20667,First,189,1197,8186,5.0,863,7.55,0,1,1,0,5
1322,1368,Hyundai Grand i10 1.2 Kappa Sportz,Kochi,2019,18453,First,189,1197,8186,5.0,668,6.17,0,1,0,1,4
1323,1369,Hyundai Verna CRDi 1.6 SX,Hyderabad,2008,96578,First,220,1582,1262,5.0,1407,2.5,1,0,0,1,15
1335,1381,Renault Duster 110PS Diesel RxZ AMT,Bangalore,2016,45000,First,196,1461,10845,5.0,1505,11.5,1,0,1,0,7
1346,1393,Hyundai Grand i10 1.2 Kappa Magna AT,Bangalore,2018,3000,First,189,1197,8186,5.0,798,6.2,0,1,1,0,5
1360,1407,Toyota Innova Crysta 2.8 ZX AT,Kolkata,2016,66618,First,1136,2755,1715,7.0,2482,15.49,1,0,1,0,7
1365,1412,Tata Zest Revotron 1.2T XM,Mumbai,2016,43706,First,1757,1193,887,5.0,763,4.0,0,1,0,1,7
1379,1427,Toyota Innova Crysta 2.4 VX MT,Kochi,2018,8899,First,1368,2393,1478,7.0,2286,19.92,1,0,0,1,5
1389,1437,Ford EcoSport 1.5 Petrol Titanium,Pune,2018,17000,First,170,1497,12136,5.0,1106,9.2,0,1,0,1,5
1395,1443,Maruti Alto K10 VXI,Hyderabad,2016,10000,First,2407,998,671,5.0,453,3.5,0,1,0,1,7
1407,1455,Toyota Corolla Altis 1.8 G,Mumbai,2010,93000,First,1428,1798,13803,5.0,1939,4.5,0,1,0,1,13
1424,1472,Hyundai Elantra 2.0 SX Option AT,Delhi,2017,9500,First,1462,1999,14992,5.0,2177,16.35,0,1,1,0,6
1442,1490,Hyundai Creta 1.6 SX Automatic Diesel,Chennai,2016,55000,First,176,1582,1262,5.0,1835,12.5,1,0,1,0,7
1446,1494,Volkswagen Ameo 1.5 TDI Comfortline,Jaipur,2016,58095,First,2166,1498,10862,5.0,919,5.8,1,0,0,1,7
1447,1495,Tata Zest Revotron 1.2 XT,Kolkata,2015,7445,First,1757,1193,887,5.0,809,5.0,0,1,0,1,8
1449,1497,Toyota Corolla Altis 1.8 VL CVT,Kochi,2018,28321,First,1428,1798,13803,5.0,2325,17.49,0,1,1,0,5
1457,1505,Land Rover Range Rover Sport SE,Kochi,2019,26013,First,1265,2993,255,5.0,139,97.07,1,0,1,0,4
1471,1519,Maruti Dzire AMT ZDI Plus,Hyderabad,2017,28226,First,284,1248,7375,5.0,1152,9.15,1,0,1,0,6
1477,1525,Ford EcoSport 1.5 Diesel Titanium Plus,Chennai,2016,29200,First,230,1498,9896,5.0,1323,7.7,1,0,0,1,7
1481,1529,Tata Zest Quadrajet 1.3 XT,Coimbatore,2018,38310,First,2065,1248,887,5.0,1006,6.69,1,0,0,1,5
1483,1531,Skoda Rapid 1.5 TDI AT Style,Kolkata,2017,31300,First,2172,1498,1084,5.0,1534,10.5,1,0,1,0,6
1484,1532,Toyota Innova Crysta 2.4 VX MT 8S,Coimbatore,2019,11241,First,1368,2393,1478,8.0,2401,22.55,1,0,0,1,4
1494,1542,Mahindra Thar CRDe,Jaipur,2016,19000,First,1655,2498,105,6.0,1139,9.25,1,0,0,1,7
1496,1544,Ford Aspire Titanium Diesel,Coimbatore,2017,30279,First,261,1498,99,5.0,979,7.29,1,0,0,1,6
1497,1545,Mini Cooper 3 DOOR D,Mumbai,2016,20000,First,207,1496,11398,4.0,35,23.5,1,0,1,0,7
1499,1547,Mahindra Verito 1.5 D4 BSIV,Pune,2015,90000,Second,2103,1461,65,5.0,926,3.1,1,0,0,1,8
1509,1558,Volkswagen Ameo 1.2 MPI Highline,Coimbatore,2017,22389,First,170,1198,7375,5.0,868,7.23,0,1,0,1,6
1519,1568,Land Rover Discovery Sport TD4 HSE 7S,Mumbai,2017,40000,First,1281,1999,14831,7.0,6639,41.5,1,0,1,0,6
1524,1574,Volkswagen Tiguan 2.0 TDI Highline,Jaipur,2017,50510,First,1706,1968,141,5.0,3645,24.9,1,0,1,0,6
1532,1583,Audi Q7 45 TDI Quattro Premium Plus,Kochi,2019,6773,First,1475,2967,245,7.0,9138,72.94,1,0,1,0,4
1538,1589,Mahindra Bolero ZLX,Jaipur,2013,63000,First,1596,2523,621,7.0,1115,5.5,1,0,0,1,10
1580,1631,BMW X1 M Sport sDrive 20d,Kochi,2017,32838,First,1705,1995,190,5.0,5097,30.29,1,0,1,0,6
1600,1652,Jaguar XE 2.0L Diesel Prestige,Hyderabad,2017,4000,First,136,1999,177,5.0,5341,38.0,1,0,1,0,6
1611,1663,Maruti Wagon R LXI,Delhi,2012,45631,Second,225,998,6704,5.0,459,2.74,0,1,0,1,11
1624,1677,Hyundai Grand i10 1.2 Kappa Magna,Delhi,2017,12248,First,189,1197,8186,5.0,654,4.9,0,1,0,1,6
1627,1680,Maruti Alto K10 VXI,Coimbatore,2011,48624,First,2407,998,671,5.0,47,3.22,0,1,0,1,12
1636,1689,BMW 5 Series 520d Luxury Line,Kochi,2018,32586,First,2248,1995,190,5.0,6787,37.3,1,0,1,0,5
1637,1690,Mercedes-Benz GLE 350d,Coimbatore,2018,40129,First,1157,2987,25479,5.0,9513,70.8,1,0,1,0,5
1639,1692,Hyundai Grand i10 1.2 Kappa Sportz,Kochi,2018,10393,First,189,1197,8186,5.0,662,6.03,0,1,0,1,5
1651,1704,Honda Amaze V CVT Petrol,Pune,2018,1700,First,190,1199,8876,5.0,944,7.8,0,1,1,0,5
1655,1708,Audi Q3 35 TDI Quattro Premium Plus,Coimbatore,2016,58661,First,1517,1968,181,5.0,4864,28.03,1,0,1,0,7
1664,1717,Mahindra Xylo D4,Hyderabad,2015,169000,First,1495,2489,937,7.0,1169,5.0,1,0,0,1,8
1672,1725,Maruti Ciaz Zeta,Mumbai,2017,5500,First,2156,1462,10325,5.0,1111,8.2,0,1,0,1,6
1690,1743,Maruti Wagon R LXI,Ahmedabad,2010,21002,First,225,998,6704,5.0,474,2.75,0,1,0,1,13
1694,1747,Maruti Eeco 7 Seater Standard,Coimbatore,2017,28371,First,151,1196,73,7.0,498,4.74,0,1,0,1,6
1701,1754,Renault KWID Climber 1.0 MT,Delhi,2017,15000,First,217,999,67,5.0,498,4.25,0,1,0,1,6
1720,1773,Honda WRV i-VTEC VX,Kochi,2018,15135,First,175,1199,887,5.0,1057,9.29,0,1,0,1,5
1729,1783,Maruti Wagon R VXI AMT,Coimbatore,2017,37832,First,225,998,67,5.0,633,5.23,0,1,1,0,6
1730,1784,Hyundai Grand i10 1.2 Kappa Asta,Coimbatore,2016,43041,First,189,1197,8186,5.0,81,6.01,0,1,0,1,7
1739,1793,Hyundai Grand i10 1.2 Kappa Magna,Kolkata,2017,31184,First,189,1197,8186,5.0,64,5.0,0,1,0,1,6
1740,1794,Maruti Dzire AMT ZDI Plus,Pune,2017,41747,First,284,1248,7375,5.0,1126,9.0,1,0,1,0,6
1743,1797,Toyota Etios Liva 1.2 VX Dual Tone,Coimbatore,2019,20877,First,1816,1197,789,5.0,759,7.27,0,1,0,1,4
1744,1798,Maruti Swift VXI,Mumbai,2016,23555,First,220,1197,8180,5.0,7,5.1,0,1,0,1,7
1749,1803,Volkswagen Polo GT TSI,Mumbai,2016,28000,First,1721,1197,1035,5.0,1126,7.25,0,1,1,0,7
1751,1805,Tata Bolt Quadrajet XE,Hyderabad,2017,40000,First,2295,1248,74,5.0,743,5.25,1,0,0,1,6
1769,1823,Hyundai Elantra 1.6 SX Option AT,Ahmedabad,2014,49000,First,1823,1582,1262,5.0,2243,8.9,1,0,1,0,9
1770,1824,Jeep Compass 2.0 Limited Option Black,Mumbai,2017,7000,First,171,1956,170,5.0,2402,17.45,1,0,0,1,6
1772,1826,Toyota Corolla Altis 1.8 GL,Kochi,2012,83184,First,1428,1798,13803,5.0,2169,6.22,0,1,0,1,11
1776,1830,Mercedes-Benz GLE 350d,Coimbatore,2017,33552,First,1157,2987,25479,5.0,9513,64.87,1,0,1,0,6
1787,1841,Mercedes-Benz A Class A180 Sport,Mumbai,2016,17000,First,155,1595,122,5.0,3463,17.25,0,1,1,0,7
1788,1842,Hyundai Grand i10 1.2 Kappa Magna,Kochi,2018,46493,First,189,1197,8186,5.0,632,5.53,0,1,0,1,5
1801,1855,BMW 3 Series 320d,Ahmedabad,2011,100000,Second,2269,1995,190,5.0,4331,10.9,1,0,1,0,12
1817,1872,Maruti Eeco 7 Seater Standard,Mumbai,2014,34669,First,151,1196,73,7.0,471,2.9,0,1,0,1,9
1822,1877,Toyota Innova Crysta 2.8 GX AT,Kochi,2019,10601,First,1136,2755,1715,7.0,2074,19.65,1,0,1,0,4
1830,1885,Mercedes-Benz GLS 350d Grand Edition,Delhi,2018,6000,First,110,2987,258,7.0,102,79.0,1,0,1,0,5
1831,1886,Hyundai Grand i10 1.2 Kappa Sportz,Delhi,2018,9434,First,189,1197,8186,5.0,671,5.75,0,1,0,1,5
1841,1896,Volkswagen Ameo 1.2 MPI Highline,Coimbatore,2018,35569,First,170,1198,7375,5.0,868,7.27,0,1,0,1,5
1847,1902,Toyota Fortuner 2.8 2WD AT,Ahmedabad,2017,15000,First,129,2755,1745,7.0,3445,30.0,1,0,1,0,6
1863,1920,Maruti Dzire VDI,Delhi,2016,45376,First,284,1248,7375,5.0,858,5.75,1,0,0,1,7
1866,1923,Ford EcoSport 1.5 Diesel Titanium Plus,Kochi,2017,78526,First,230,1498,9896,5.0,1267,8.09,1,0,0,1,6
1869,1926,BMW X1 sDrive 20d xLine,Coimbatore,2015,42265,Second,2068,1995,190,5.0,4818,22.24,1,0,1,0,8
1875,1932,Ford EcoSport 1.5 Diesel Titanium,Mumbai,2017,26000,First,230,1498,9896,5.0,1189,8.99,1,0,0,1,6
1877,1934,Maruti Dzire ZDI Plus,Jaipur,2017,24000,First,284,1248,7375,5.0,1048,8.2,1,0,0,1,6
1898,1955,Hyundai Verna VTVT 1.6 SX Option,Delhi,2013,57478,Second,170,1591,1213,5.0,1359,5.25,0,1,0,1,10
1904,1961,Maruti Vitara Brezza ZDi,Hyderabad,2016,41372,First,243,1248,885,5.0,1102,9.3,1,0,0,1,7
1906,1963,Mercedes-Benz GLA Class 200 d Sport,Pune,2017,35000,First,179,2143,136,5.0,4194,23.5,1,0,1,0,6
1933,1990,Maruti Dzire VDI,Mumbai,2012,74000,Second,284,1248,7375,5.0,894,4.25,1,0,0,1,11
1934,1991,Jeep Compass 2.0 Longitude,Kochi,2018,28937,First,171,1956,170,5.0,2138,17.02,1,0,0,1,5
1937,1994,Toyota Corolla Altis 1.4 DG,Coimbatore,2013,63854,First,2143,1364,8679,5.0,1927,7.12,1,0,0,1,10
1938,1995,Maruti Vitara Brezza ZDi Plus AMT Dual Tone,Chennai,2018,3000,First,243,1248,885,5.0,1288,11.25,1,0,1,0,5
1941,1998,Hyundai Xcent 1.2 VTVT SX,Mumbai,2014,64241,First,2014,1197,8186,5.0,827,3.67,0,1,0,1,9
1945,2003,BMW X1 sDrive 20d xLine,Bangalore,2016,28143,First,2068,1995,190,5.0,4818,28.5,1,0,1,0,7
1950,2008,Toyota Innova Crysta 2.4 VX MT,Hyderabad,2017,67000,First,1368,2393,1478,7.0,2287,16.5,1,0,0,1,6
1955,2013,Hyundai Grand i10 1.2 Kappa Magna AT,Kochi,2018,5354,First,189,1197,8186,5.0,737,6.76,0,1,1,0,5
1956,2014,Volkswagen Polo 1.0 MPI Comfortline,Chennai,2016,42000,Second,1878,999,75,5.0,733,5.5,0,1,0,1,7
1967,2025,Maruti Eeco 7 Seater Standard,Coimbatore,2013,54885,First,151,1196,73,7.0,498,3.75,0,1,0,1,10
1972,2030,Toyota Innova Crysta 2.4 VX MT,Mumbai,2016,25121,First,1368,2393,1478,7.0,2306,17.11,1,0,0,1,7
1983,2041,Mahindra Bolero SLE,Hyderabad,2012,75000,First,1596,2523,621,7.0,1032,4.3,1,0,0,1,11
1995,2054,Maruti Ignis 1.2 Alpha,Mumbai,2017,1000,First,2089,1197,8180,5.0,787,6.36,0,1,0,1,6
1997,2056,BMW 7 Series 730Ld Eminence,Kochi,2015,29966,Second,1677,2993,26149,5.0,14,43.6,1,0,1,0,8
2001,2061,Jeep Compass 2.0 Longitude,Coimbatore,2018,33218,First,171,1956,170,5.0,2246,19.05,1,0,0,1,5
2013,2073,Mini Cooper 5 DOOR D,Hyderabad,2017,2000,First,207,1496,11398,5.0,4248,34.0,1,0,1,0,6
2015,2075,Tata Zest Revotron 1.2T XMS,Chennai,2015,40000,First,1757,1193,887,5.0,769,4.0,0,1,0,1,8
2019,2079,Ford Aspire Titanium Plus Diesel,Kolkata,2015,2800,First,261,1498,99,5.0,94,8.41,1,0,0,1,8
2026,2086,Hyundai Grand i10 1.2 Kappa Asta,Coimbatore,2016,37429,First,189,1197,8186,5.0,81,5.89,0,1,0,1,7
2028,2088,Honda City i-VTEC V,Delhi,2011,67031,First,174,1497,1173,5.0,1185,4.0,0,1,0,1,12
2030,2090,Maruti Celerio VXI AMT,Mumbai,2016,47691,First,231,998,6704,5.0,608,3.94,0,1,1,0,7
2034,2094,Maruti Dzire VDI,Kolkata,2015,28193,First,284,1248,7375,5.0,836,5.25,1,0,0,1,8
2035,2095,Mercedes-Benz SLC 43 AMG,Coimbatore,2019,2526,First,190,2996,36207,2.0,106,83.96,0,1,1,0,4
2037,2097,Mercedes-Benz E-Class E 220 d,Hyderabad,2013,85000,First,161,1950,194,5.0,7115,21.0,1,0,1,0,10
2038,2098,Hyundai Grand i10 1.2 Kappa Sportz,Ahmedabad,2015,20780,First,189,1197,8186,5.0,682,4.3,0,1,0,1,8
2050,2111,Mercedes-Benz GLE 250d,Kochi,2017,25601,First,179,2143,20115,5.0,7876,56.73,1,0,1,0,6
2058,2119,Ford Freestyle Titanium Petrol,Mumbai,2007,1261,First,190,1194,9468,5.0,812,6.0,0,1,0,1,16
2059,2120,Hyundai Elite i20 Asta Option,Coimbatore,2017,59450,First,186,1197,8186,5.0,978,7.53,0,1,0,1,6
2066,2127,Maruti Baleno Delta,Mumbai,2016,12573,First,214,1197,831,5.0,736,5.8,0,1,0,1,7
2072,2134,Toyota Fortuner 2.8 2WD AT,Pune,2017,29000,First,129,2755,1745,7.0,3811,31.0,1,0,1,0,6
2076,2138,Maruti Ertiga ZDI,Delhi,2013,68000,First,2547,1248,8850,7.0,1175,4.85,1,0,0,1,10
2089,2151,Maruti Swift VDI,Hyderabad,2013,84000,First,284,1248,74,5.0,844,5.65,1,0,0,1,10
2095,2157,Hyundai Creta 1.6 SX Option,Delhi,2016,24347,First,158,1591,1213,5.0,1606,11.0,0,1,0,1,7
2098,2160,Honda City i-VTEC CVT VX,Mumbai,2017,17000,First,180,1497,1173,5.0,1529,11.6,0,1,1,0,6
2103,2166,Honda Brio 1.2 VX MT,Kochi,2014,41460,First,185,1198,868,5.0,663,3.95,0,1,0,1,9
2115,2178,Land Rover Discovery HSE Luxury 3.0 TD6,Mumbai,2017,35000,First,180,2993,255,7.0,127,41.6,1,0,1,0,6
2119,2182,Toyota Fortuner 2.8 4WD MT,Bangalore,2015,150386,First,1424,2755,1745,7.0,396,23.0,1,0,0,1,8
2122,2185,Maruti Vitara Brezza ZDi Plus,Ahmedabad,2017,80000,First,243,1248,885,5.0,1091,8.0,1,0,0,1,6
2124,2187,Hyundai Tucson 2.0 Dual VTVT 2WD AT GL,Mumbai,2016,13000,First,1295,1999,15288,5.0,2575,17.75,0,1,1,0,7
2132,2195,Maruti Wagon R VXI,Kolkata,2016,16956,First,225,998,6704,5.0,529,3.6,0,1,0,1,7
2137,2200,Maruti Wagon R VXI,Mumbai,2010,38000,Second,225,998,6704,5.0,561,1.75,0,1,0,1,13
2157,2220,Honda Brio 1.2 VX AT,Mumbai,2017,20000,First,165,1198,868,5.0,805,5.99,0,1,1,0,6
2161,2224,Toyota Etios Cross 1.4L GD,Kochi,2016,36681,First,2359,1364,6706,5.0,882,6.71,1,0,0,1,7
2165,2229,Honda City i-VTEC CVT ZX,Coimbatore,2018,20300,First,180,1497,1173,5.0,1738,14.21,0,1,1,0,5
2167,2231,Maruti Celerio ZXI MT,Kochi,2017,21799,First,231,998,6704,5.0,569,5.11,0,1,0,1,6
2169,2233,Toyota Innova Crysta 2.8 ZX AT,Hyderabad,2017,35358,First,1136,2755,1715,7.0,2656,22.99,1,0,1,0,6
2175,2239,Tata Tiago 1.2 Revotron XT,Jaipur,2016,42700,First,2384,1199,84,5.0,561,3.6,0,1,0,1,7
2178,2242,Toyota Fortuner 2.8 4WD MT,Hyderabad,2010,110000,First,1424,2755,1745,7.0,3751,13.7,1,0,0,1,13
2181,2245,Maruti Wagon R VXI 1.2,Mumbai,2015,55000,First,215,1197,8180,5.0,588,3.1,0,1,0,1,8
2187,2251,Honda City i-DTEC ZX,Hyderabad,2017,46000,First,256,1498,986,5.0,1695,12.9,1,0,0,1,6
2196,2260,BMW 5 Series 520d Luxury Line,Ahmedabad,2012,95000,Second,2248,1995,190,5.0,6371,17.5,1,0,1,0,11
2209,2275,Ford EcoSport 1.5 Diesel Titanium,Delhi,2017,39000,First,230,1498,9896,5.0,1147,8.45,1,0,0,1,6
2211,2277,Toyota Fortuner 2.8 4WD MT,Mumbai,2010,140000,First,1424,2755,1745,7.0,3746,10.75,1,0,0,1,13
2223,2290,Maruti Swift VDI,Kochi,2016,62192,First,284,1248,74,5.0,788,5.22,1,0,0,1,7
2225,2292,Maruti Ciaz Alpha,Kochi,2018,38394,First,2156,1462,10325,5.0,1137,9.18,0,1,0,1,5
2241,2309,Hyundai Elantra 2.0 SX Option AT,Delhi,2016,28000,First,1462,1999,14992,5.0,2177,13.9,0,1,1,0,7
2245,2313,Volkswagen Vento 1.5 TDI Trendline,Mumbai,2011,47000,First,2064,1498,1085,5.0,113,3.25,1,0,0,1,12
2251,2319,Mercedes-Benz E-Class E 350 d,Coimbatore,2019,9312,First,180,2987,258,5.0,925,78.8,1,0,1,0,4
2257,2326,Hyundai Elantra 2.0 SX Option AT,Coimbatore,2015,58239,First,1462,1999,14992,5.0,2364,9.69,0,1,1,0,8
2264,2333,Nissan Terrano XL D Option,Mumbai,2014,51000,First,1987,1461,8314,5.0,1506,5.65,1,0,0,1,9
2265,2334,Toyota Fortuner 2.8 2WD AT,Ahmedabad,2016,88008,Second,129,2755,1745,7.0,3445,22.5,1,0,1,0,7
2272,2341,Mercedes-Benz GLA Class 200 d Sport,Mumbai,2018,10000,First,179,2143,136,5.0,4194,28.9,1,0,1,0,5
2294,2364,Mini Cooper Convertible S,Chennai,2012,17000,Second,1682,1998,18908,4.0,4428,22.0,0,1,1,0,11
2299,2370,Mini Cooper 3 DOOR S,Mumbai,2013,21000,First,1744,1998,18908,4.0,3957,21.5,0,1,1,0,10
2307,2380,Skoda Rapid 1.6 MPI AT Ambition,Mumbai,2017,32000,First,1484,1598,10352,5.0,137,8.11,0,1,1,0,6
2313,2387,Maruti Ertiga VDI,Delhi,2017,65000,First,2547,1248,8850,7.0,1116,7.65,1,0,0,1,6
2322,2397,Ford EcoSport 1.5 Petrol Trend,Kolkata,2016,21460,First,170,1497,12136,5.0,947,6.0,0,1,0,1,7
2325,2400,Honda Jazz V CVT,Hyderabad,2015,33000,First,190,1199,887,5.0,1017,7.25,0,1,1,0,8
2335,2410,Maruti Vitara Brezza ZDi Plus,Jaipur,2017,48324,First,243,1248,885,5.0,1147,9.0,1,0,0,1,6
2338,2413,Hyundai Grand i10 1.2 CRDi Sportz,Kochi,2017,20773,First,240,1186,7397,5.0,817,5.92,1,0,0,1,6
2339,2414,Volkswagen Polo 1.5 TDI Highline,Kolkata,2016,22000,First,2014,1498,88,5.0,958,6.29,1,0,0,1,7
2348,2423,BMW 3 Series 320d,Mumbai,2013,25000,First,2269,1995,190,5.0,4787,17.99,1,0,1,0,10
2353,2428,Mahindra Xylo H4,Chennai,2015,82000,Second,1402,2179,1183,7.0,1167,4.85,1,0,0,1,8
2361,2438,Maruti Dzire VDI,Hyderabad,2011,110000,First,284,1248,7375,5.0,914,4.0,1,0,0,1,12
2365,2443,Volkswagen Polo 1.5 TDI Highline,Delhi,2012,68038,First,2014,1498,88,5.0,996,3.6,1,0,0,1,11
2367,2445,BMW 5 Series 520d Luxury Line,Ahmedabad,2013,55000,First,2248,1995,190,5.0,6371,21.75,1,0,1,0,10
2368,2446,Mercedes-Benz GLC 220d 4MATIC Sport,Mumbai,2017,25000,First,179,2143,170,5.0,6414,45.0,1,0,1,0,6
2369,2447,Maruti Alto K10 VXI,Coimbatore,2011,46808,Second,2407,998,671,5.0,47,3.19,0,1,0,1,12
2370,2448,Hyundai Xcent 1.2 VTVT S,Coimbatore,2015,65743,First,2014,1197,8186,5.0,785,6.2,0,1,0,1,8
2375,2454,Hyundai Creta 1.6 SX Option,Mumbai,2016,29477,First,158,1591,1213,5.0,1636,10.25,0,1,0,1,7
2376,2455,Toyota Fortuner 2.8 2WD AT,Delhi,2017,40000,First,129,2755,1745,7.0,3738,30.0,1,0,1,0,6
2380,2459,Ford EcoSport 1.5 Diesel Titanium,Mumbai,2017,30000,First,230,1498,9896,5.0,1189,8.99,1,0,0,1,6
2385,2464,Tata Zest Revotron 1.2T XE,Delhi,2017,47000,Second,1757,1193,887,5.0,662,4.5,0,1,0,1,6
2406,2485,Maruti Vitara Brezza ZDi Plus Dual Tone,Kochi,2017,45362,First,243,1248,885,5.0,1175,9.38,1,0,0,1,6
2409,2488,Tata Hexa XTA,Coimbatore,2019,14233,First,176,2179,15386,7.0,2274,17.85,1,0,1,0,4
2416,2495,Skoda Superb Style 1.8 TSI AT,Mumbai,2010,62004,Second,1467,1798,17746,5.0,3336,3.75,0,1,1,0,13
2417,2496,Volkswagen Vento 1.5 TDI Highline AT,Mumbai,2016,25500,First,215,1498,1085,5.0,1586,8.95,1,0,1,0,7
2428,2509,Mercedes-Benz E-Class E 220 d,Mumbai,2018,11000,First,161,1950,194,5.0,7055,56.5,1,0,1,0,5
2429,2510,BMW 3 Series 320d Luxury Line,Mumbai,2014,18600,Second,2269,1995,190,5.0,5443,21.0,1,0,1,0,9
2445,2528,Land Rover Discovery SE 3.0 TD6,Delhi,2016,59000,First,180,2993,255,7.0,113,36.75,1,0,1,0,7
2450,2533,Mercedes-Benz CLA 200 CDI Sport,Coimbatore,2017,20969,First,179,2143,136,5.0,4536,27.87,1,0,1,0,6
2451,2534,Maruti Vitara Brezza ZDi,Kolkata,2018,2900,First,243,1248,885,5.0,1013,8.75,1,0,0,1,5
2453,2536,Skoda Rapid 1.5 TDI Ambition,Coimbatore,2018,5833,First,2113,1498,1084,5.0,1422,11.92,1,0,0,1,5
2462,2545,Mahindra NuvoSport N8,Coimbatore,2017,37712,First,1745,1493,100,7.0,1177,7.57,1,0,0,1,6
2475,2558,Datsun redi-GO T Option,Kochi,2018,30953,First,227,799,5364,5.0,405,3.48,0,1,0,1,5
2480,2563,Jeep Compass 2.0 Limited 4X4,Coimbatore,2018,48188,First,163,1956,170,5.0,2695,21.69,1,0,0,1,5
2486,2569,Toyota Innova Crysta 2.8 ZX AT,Coimbatore,2017,65367,First,1136,2755,1715,7.0,2805,20.14,1,0,1,0,6
2505,2589,Maruti Wagon R VXI AMT,Mumbai,2016,8000,First,225,998,67,5.0,614,4.15,0,1,1,0,7
2508,2592,Maruti Alto K10 VXI,Mumbai,2016,13198,First,2407,998,671,5.0,482,3.15,0,1,0,1,7
2511,2595,Tata Tiago AMT 1.2 Revotron XZA,Coimbatore,2019,15379,First,2384,1199,8383,5.0,717,6.97,0,1,1,0,4
2519,2604,Mini Cooper Convertible S,Mumbai,2016,15000,First,1682,1998,18908,4.0,4428,35.0,0,1,1,0,7
2522,2607,Hyundai Verna CRDi 1.6 SX Option,Pune,2017,50000,First,220,1582,1262,5.0,1572,11.5,1,0,0,1,6
2537,2622,Renault Duster 85PS Diesel RxE,Pune,2016,54000,First,1987,1461,838,5.0,1127,6.5,1,0,0,1,7
2560,2648,Honda BRV i-VTEC V MT,Pune,2016,9200,First,154,1497,1173,7.0,1358,8.0,0,1,0,1,7
2561,2649,Honda Amaze S Diesel,Hyderabad,2015,29000,First,274,1498,986,5.0,909,5.99,1,0,0,1,8
2577,2665,Maruti Alto K10 VXI,Kochi,2018,46805,First,2407,998,671,5.0,409,3.63,0,1,0,1,5
2579,2667,Tata Zest Revotron 1.2T XE,Mumbai,2017,100000,First,1757,1193,887,5.0,683,4.25,0,1,0,1,6
2590,2678,Maruti Wagon R LXI,Kochi,2011,15466,First,225,998,6704,5.0,504,3.36,0,1,0,1,12
2604,2692,BMW 3 Series 320d,Kolkata,2011,70000,First,2269,1995,190,5.0,4381,10.3,1,0,1,0,12
2606,2694,Maruti Wagon R VXI,Kochi,2014,41994,First,225,998,6704,5.0,512,3.41,0,1,0,1,9
2611,2699,Audi Q3 35 TDI Quattro Premium Plus,Bangalore,2015,51000,First,1517,1968,181,5.0,4864,27.5,1,0,1,0,8
2612,2700,Maruti Wagon R VXI 1.2,Jaipur,2015,64876,First,215,1197,8180,5.0,571,3.5,0,1,0,1,8
2613,2702,Maruti Vitara Brezza ZDi Plus Dual Tone,Coimbatore,2017,25299,First,243,1248,885,5.0,1256,10.34,1,0,0,1,6
2620,2709,Honda Amaze V Petrol,Kochi,2016,40866,First,195,1199,8676,5.0,816,5.47,0,1,0,1,7
2622,2711,Mini Cooper Convertible S,Kochi,2017,20469,First,1682,1998,18908,4.0,4428,35.98,0,1,1,0,6
2633,2722,Volkswagen Ameo 1.5 TDI Highline,Kochi,2018,31426,First,2166,1498,10862,5.0,972,7.9,1,0,0,1,5
2639,2728,Maruti Baleno Alpha CVT,Kochi,2019,13574,First,214,1197,831,5.0,103,9.51,0,1,1,0,4
2653,2742,BMW 5 Series 520d Luxury Line,Ahmedabad,2013,90000,First,2248,1995,190,5.0,6371,19.5,1,0,1,0,10
2656,2745,Maruti Vitara Brezza ZDi Plus,Kochi,2017,38426,First,243,1248,885,5.0,1112,9.13,1,0,0,1,6
2657,2746,Maruti Eeco 7 Seater Standard,Pune,2011,45000,First,151,1196,73,7.0,469,2.25,0,1,0,1,12
2660,2749,Maruti Wagon R LXI,Mumbai,2010,37822,First,225,998,6704,5.0,504,2.35,0,1,0,1,13
2674,2763,Toyota Innova Crysta 2.4 VX MT 8S,Coimbatore,2017,72202,First,1368,2393,1478,8.0,2401,17.92,1,0,0,1,6
2678,2767,Mercedes-Benz GLE 350d,Coimbatore,2018,30706,First,1157,2987,25479,5.0,9513,59.29,1,0,1,0,5
2681,2770,Maruti Baleno Alpha,Mumbai,2016,12208,First,214,1197,831,5.0,878,6.75,0,1,0,1,7
2685,2774,Volkswagen Polo GT TSI,Mumbai,2017,27853,First,1721,1197,1035,5.0,1126,8.25,0,1,1,0,6
2699,2788,Hyundai Grand i10 1.2 Kappa Sportz,Kochi,2018,20689,First,189,1197,8186,5.0,668,6.07,0,1,0,1,5
2712,2801,Renault KWID 1.0 RXT Optional AMT,Coimbatore,2017,53285,First,225,999,67,5.0,542,4.28,0,1,1,0,6
2719,2808,Mercedes-Benz GLE 350d,Mumbai,2017,19863,First,1157,2987,25479,5.0,9123,64.95,1,0,1,0,6
2723,2812,Hyundai Grand i10 1.2 Kappa Sportz,Mumbai,2018,3958,First,189,1197,8186,5.0,714,5.55,0,1,0,1,5
2738,2827,BMW X3 xDrive 20d Luxury Line,Hyderabad,2009,58000,First,1856,1995,190,5.0,6959,17.98,1,0,1,0,14
2762,2851,Renault KWID 1.0 RXT Optional,Kochi,2018,18335,First,217,999,67,5.0,461,4.5,0,1,0,1,5
2764,2853,Volkswagen Polo GT TSI,Mumbai,2017,25000,First,1721,1197,1035,5.0,1126,7.75,0,1,1,0,6
2766,2855,Toyota Fortuner 2.8 2WD AT,Kochi,2019,21719,First,129,2755,1745,7.0,3738,33.13,1,0,1,0,4
2770,2859,Renault KWID Climber 1.0 MT,Hyderabad,2018,4126,First,217,999,67,5.0,53,4.8,0,1,0,1,5
2771,2860,Tata Bolt Quadrajet XM,Hyderabad,2017,98500,First,2295,1248,74,5.0,797,6.0,1,0,0,1,6
2777,2866,BMW 3 Series 320d,Coimbatore,2009,103905,First,2269,1995,190,5.0,4331,9.92,1,0,1,0,14
2787,2876,Audi A6 35 TDI Matrix,Delhi,2014,56000,First,1853,1968,18774,5.0,5938,24.0,1,0,1,0,9
2789,2878,Volkswagen Vento 1.5 TDI Highline AT,Kochi,2017,33550,First,215,1498,1085,5.0,1586,9.6,1,0,1,0,6
2790,2879,Audi A6 35 TDI Matrix,Hyderabad,2014,62000,First,1853,1968,18774,5.0,671,25.0,1,0,1,0,9
2801,2890,Ford EcoSport 1.5 Petrol Titanium Plus AT,Coimbatore,2018,27852,First,148,1497,12136,5.0,141,10.44,0,1,1,0,5
2804,2894,Tata Nexon 1.5 Revotorq XZ Plus Dual Tone,Mumbai,2018,14000,First,215,1497,1085,5.0,1222,9.9,1,0,0,1,5
2810,2900,Isuzu MUX 4WD,Jaipur,2017,34429,First,138,2999,17457,7.0,3368,20.0,1,0,1,0,6
2824,2914,Toyota Corolla Altis 1.4 DG,Ahmedabad,2012,52100,First,2143,1364,8679,5.0,1927,6.5,1,0,0,1,11
2825,2915,Hyundai Grand i10 1.2 Kappa Sportz,Jaipur,2018,10000,First,189,1197,8186,5.0,696,5.85,0,1,0,1,5
2826,2916,Jeep Compass 2.0 Limited 4X4,Coimbatore,2019,6261,First,163,1956,170,5.0,2695,23.91,1,0,0,1,4
2827,2917,Maruti Ignis 1.2 AMT Alpha,Coimbatore,2019,3906,First,2089,1197,8180,5.0,796,7.36,0,1,1,0,4
2830,2920,Toyota Innova Crysta 2.4 VX MT,Mumbai,2017,38000,First,1368,2393,1478,7.0,2306,17.65,1,0,0,1,6
2832,2922,Toyota Platinum Etios 1.4 GXD,Hyderabad,2015,150000,First,2359,1364,6705,5.0,958,6.0,1,0,0,1,8
2847,2937,Toyota Innova Crysta 2.8 GX AT 8S,Delhi,2017,18000,First,1136,2755,1715,8.0,208,18.25,1,0,1,0,6
2866,2957,Nissan Micra Active XV,Ahmedabad,2016,41000,First,1969,1198,6704,5.0,678,4.25,0,1,0,1,7
2868,2959,Jeep Compass 2.0 Sport,Hyderabad,2017,37000,First,171,1956,170,5.0,1991,16.9,1,0,0,1,6
2879,2970,Tata Zest Quadrajet 1.3 75PS XM,Pune,2017,72000,First,2295,1248,74,5.0,893,5.0,1,0,0,1,6
2886,2977,Maruti Dzire VXI,Hyderabad,2013,34900,First,220,1197,8180,5.0,797,5.49,0,1,0,1,10
2898,2989,Maruti Wagon R LXI,Mumbai,2014,25422,First,225,998,6704,5.0,504,3.25,0,1,0,1,9
2899,2990,Maruti Ertiga VDI,Mumbai,2018,14000,First,2547,1248,8850,7.0,1166,9.25,1,0,0,1,5
2903,2994,Mahindra KUV 100 G80 K6 Plus 5Str,Kolkata,2017,43000,First,1815,1198,82,5.0,735,4.5,0,1,0,1,6
2911,3002,Maruti Swift VXI,Pune,2010,68000,First,220,1197,8180,5.0,699,2.8,0,1,0,1,13
2915,3006,Jeep Compass 2.0 Limited,Pune,2018,16039,First,171,1956,170,5.0,2389,18.5,1,0,0,1,5
2920,3012,Maruti Swift LDI,Hyderabad,2016,52000,First,284,1248,74,5.0,727,5.95,1,0,0,1,7
2946,3040,Maruti Swift VDI,Kochi,2015,53500,First,284,1248,74,5.0,788,5.36,1,0,0,1,8
2958,3052,Hyundai Xcent 1.2 CRDi S,Mumbai,2016,50000,First,254,1186,7397,5.0,884,3.5,1,0,0,1,7
2965,3059,BMW 3 Series 320d Luxury Line,Delhi,2019,87000,First,2269,1995,190,5.0,5246,6.67,1,0,1,0,4
2972,3067,Mahindra Xylo H4,Coimbatore,2016,93166,Second,1402,2179,1183,7.0,1167,5.85,1,0,0,1,7
2980,3075,Toyota Corolla Altis 1.8 VL CVT,Kolkata,2018,5000,First,1428,1798,13803,5.0,2237,16.95,0,1,1,0,5
2983,3078,Skoda Rapid 1.6 MPI Ambition,Mumbai,2015,39822,First,1541,1598,10352,5.0,1202,4.68,0,1,0,1,8
2985,3080,Renault KWID RXL,Kochi,2017,24214,Second,2517,799,533,5.0,395,3.46,0,1,0,1,6
2992,3087,BMW 3 Series 320d,Coimbatore,2013,85846,First,2269,1995,190,5.0,4879,13.08,1,0,1,0,10
3029,3127,Maruti Vitara Brezza ZDi Plus Dual Tone,Kochi,2017,35981,First,243,1248,885,5.0,1129,9.51,1,0,0,1,6
3033,3132,Porsche Cayenne Base,Kochi,2019,14298,First,1333,2995,340,5.0,136,2.02,0,1,1,0,4
3043,3142,Honda Brio 1.2 S MT,Mumbai,2015,22000,First,185,1198,868,5.0,623,3.95,0,1,0,1,8
3057,3156,Hyundai Grand i10 1.2 Kappa Magna AT,Coimbatore,2019,12153,First,189,1197,8186,5.0,798,6.84,0,1,1,0,4
3059,3158,Audi A4 30 TFSI Premium Plus,Kochi,2017,61221,First,1784,1395,14751,5.0,4716,21.73,0,1,1,0,6
3062,3161,Mini Cooper 5 DOOR D,Kochi,2019,14857,First,207,1496,11398,5.0,4198,31.55,1,0,1,0,4
3064,3163,Ford Endeavour Titanium 4X2,Coimbatore,2019,14648,First,1262,2198,158,7.0,3529,27.36,1,0,0,1,4
3069,3168,Tata Zest Revotron 1.2T XM,Kochi,2017,48198,First,1757,1193,887,5.0,763,4.65,0,1,0,1,6
3074,3173,Maruti Dzire LDI,Pune,2012,150000,Third,284,1248,7375,5.0,791,2.25,1,0,0,1,11
3081,3181,Maruti Wagon R VXI,Chennai,2014,52000,First,225,998,6704,5.0,551,3.45,0,1,0,1,9
3086,3186,Hyundai Grand i10 1.2 Kappa Asta,Coimbatore,2017,62788,First,189,1197,8186,5.0,81,6.08,0,1,0,1,6
3089,3190,Toyota Innova Crysta 2.8 GX AT,Pune,2018,20300,First,1136,2755,1715,7.0,2097,18.0,1,0,1,0,5
3093,3194,Mini Cooper 3 DOOR D,Kochi,2015,27641,Second,207,1496,11398,4.0,3489,24.77,1,0,1,0,8
3097,3198,Mahindra XUV500 W7,Delhi,2018,9000,First,140,2179,155,7.0,164,13.0,1,0,0,1,5
3098,3199,BMW 7 Series 730Ld Design Pure Excellence CBU,Kolkata,2012,41100,First,1677,2993,26149,5.0,166,26.5,1,0,1,0,11
3102,3203,Honda City i-VTEC CVT VX,Mumbai,2015,19000,First,180,1497,1173,5.0,1529,8.95,0,1,1,0,8
3116,3217,Honda City i-VTEC CVT VX,Jaipur,2017,35000,First,180,1497,1173,5.0,1467,7.7,0,1,1,0,6
3118,3219,Honda City i-VTEC V,Mumbai,2017,11000,First,174,1497,1173,5.0,1257,8.5,0,1,0,1,6
3125,3226,Nissan Micra XV D,Chennai,2012,93450,Second,2319,1461,6312,5.0,948,2.5,1,0,0,1,11
3138,3239,Maruti Dzire ZDI,Ahmedabad,2013,56454,First,284,1248,7375,5.0,895,4.65,1,0,0,1,10
3143,3244,Jeep Compass 2.0 Limited Option 4X4,Kolkata,2017,15050,First,163,1956,170,5.0,2319,17.5,1,0,0,1,6
3152,3254,Ford Freestyle Titanium Plus Petrol,Kolkata,2018,8896,First,190,1194,9468,5.0,824,7.34,0,1,0,1,5
3154,3256,Honda Jazz V,Mumbai,2016,31378,First,182,1199,887,5.0,871,5.9,0,1,0,1,7
3157,3259,Audi Q3 30 TDI Premium FWD,Mumbai,2017,31000,First,1851,1968,14751,5.0,4475,27.0,1,0,1,0,6
3164,3266,Mercedes-Benz E-Class E400 Cabriolet,Kolkata,2015,7501,First,100,2996,333,4.0,8757,48.0,0,1,1,0,8
3166,3268,Mercedes-Benz GLE 350d,Coimbatore,2018,29277,First,1157,2987,25479,5.0,9513,59.65,1,0,1,0,5
3171,3273,Maruti Baleno Delta CVT,Coimbatore,2018,34630,First,214,1197,831,5.0,857,7.29,0,1,1,0,5
3175,3277,Mini Cooper 3 DOOR D,Kochi,2016,32298,First,207,1496,11398,4.0,35,23.8,1,0,1,0,7
3196,3300,Ford Aspire Ambiente Diesel,Kolkata,2018,17000,First,261,1498,99,5.0,756,5.65,1,0,0,1,5
3220,3324,Mercedes-Benz CLA 200 CDI Sport,Kochi,2019,29836,First,179,2143,136,5.0,4307,25.75,1,0,1,0,4
3230,3334,Toyota Etios Liva 1.4 GD,Delhi,2013,84000,First,2359,1364,6704,5.0,783,3.85,1,0,0,1,10
3254,3358,Maruti Celerio VXI AMT,Chennai,2015,55000,First,231,998,6704,5.0,6,3.5,0,1,1,0,8
3269,3373,Honda City i-VTEC VX,Mumbai,2017,7500,First,174,1497,1173,5.0,1376,11.15,0,1,0,1,6
3270,3374,Renault Duster 110PS Diesel RxZ AMT,Jaipur,2016,68163,First,196,1461,10845,5.0,1411,8.9,1,0,1,0,7
3277,3381,Maruti Vitara Brezza LDi,Kochi,2017,35384,First,243,1248,885,5.0,912,8.61,1,0,0,1,6
3279,3383,Ford EcoSport 1.5 Diesel Titanium,Coimbatore,2018,32189,First,230,1498,9896,5.0,112,9.25,1,0,0,1,5
3313,3417,BMW 3 Series 320d,Mumbai,2010,67000,Second,2269,1995,190,5.0,4787,9.25,1,0,1,0,13
3321,3425,Maruti Vitara Brezza ZDi Plus,Coimbatore,2018,52380,First,243,1248,885,5.0,1247,10.15,1,0,0,1,5
3326,3430,Toyota Etios Liva 1.2 G,Chennai,2011,42000,Second,1771,1197,789,5.0,651,3.75,0,1,0,1,12
3343,3448,Honda WRV i-VTEC VX,Ahmedabad,2017,32248,First,175,1199,887,5.0,1032,8.25,0,1,0,1,6
3346,3451,Hyundai Grand i10 1.2 Kappa Asta,Bangalore,2014,61325,First,189,1197,8186,5.0,81,4.4,0,1,0,1,9
3359,3465,Honda Amaze S Petrol,Jaipur,2014,69000,First,195,1199,8876,5.0,752,4.5,0,1,0,1,9
3365,3471,Volkswagen Vento 1.5 TDI Highline AT,Hyderabad,2016,45492,First,215,1498,1085,5.0,1568,10.3,1,0,1,0,7
3374,3480,Hyundai Grand i10 1.2 Kappa Sportz,Coimbatore,2014,33496,First,189,1197,8186,5.0,745,5.5,0,1,0,1,9
3394,3500,BMW 5 Series 520d Luxury Line,Delhi,2013,65000,First,2248,1995,190,5.0,6787,21.26,1,0,1,0,10
3395,3501,Toyota Corolla Altis 1.8 G,Bangalore,2016,16471,Second,1428,1798,13803,5.0,2048,11.5,0,1,0,1,7
3407,3514,Honda City i-VTEC CVT VX,Pune,2018,4500,First,180,1497,1173,5.0,1517,12.5,0,1,1,0,5
3410,3518,Renault Duster 110PS Diesel RxZ AMT,Coimbatore,2017,42646,First,196,1461,10845,5.0,1505,12.46,1,0,1,0,6
3416,3524,Maruti Swift VDI,Jaipur,2015,63310,First,284,1248,74,5.0,813,5.1,1,0,0,1,8
3428,3537,Honda Jazz V,Hyderabad,2015,37000,First,182,1199,887,5.0,879,6.3,0,1,0,1,8
3430,3539,Nissan Terrano XL D Option,Hyderabad,2013,65280,First,1987,1461,8314,5.0,1472,5.8,1,0,0,1,10
3435,3544,Jeep Compass 2.0 Limited Option 4X4,Jaipur,2017,45000,First,163,1956,170,5.0,2554,20.0,1,0,0,1,6
3441,3550,Honda City i-DTEC ZX,Pune,2017,42000,First,256,1498,986,5.0,1684,12.0,1,0,0,1,6
3443,3552,Hyundai Grand i10 1.2 CRDi Sportz,Chennai,2018,48000,First,240,1186,7397,5.0,828,5.95,1,0,0,1,5
3445,3555,Toyota Innova Crysta 2.4 VX MT,Coimbatore,2019,33598,First,1368,2393,1478,7.0,2394,22.2,1,0,0,1,4
3457,3567,Mercedes-Benz CLA 200 CDI Sport,Kochi,2019,13414,First,179,2143,136,5.0,4307,30.77,1,0,1,0,4
3459,3569,Mahindra KUV 100 G80 K8,Jaipur,2018,15900,First,1815,1198,82,6.0,788,6.25,0,1,0,1,5
3462,3572,Audi A6 35 TDI Matrix,Coimbatore,2017,36824,First,1853,1968,18774,5.0,6937,39.84,1,0,1,0,6
3468,3578,Maruti Baleno Zeta CVT,Kolkata,2016,20000,First,214,1197,831,5.0,904,5.74,0,1,1,0,7
3471,3581,BMW 3 Series Luxury Line,Ahmedabad,2016,27000,First,2176,1995,190,5.0,5507,35.0,1,0,1,0,7
3472,3582,Maruti Dzire AMT ZDI Plus,Chennai,2017,19000,First,284,1248,7375,5.0,1097,8.9,1,0,1,0,6
3474,3584,Jeep Compass 2.0 Longitude,Kochi,2018,42203,First,171,1956,170,5.0,2172,19.46,1,0,0,1,5
3476,3587,Tata Nexon 1.5 Revotorq XZ Plus Dual Tone,Kolkata,2018,4900,First,215,1497,1085,5.0,1147,9.22,1,0,0,1,5
3490,3603,Renault KWID RXT Optional,Pune,2018,5000,First,2517,799,533,5.0,49,3.5,0,1,0,1,5
3525,3640,Toyota Fortuner 2.8 4WD MT,Kochi,2011,169006,First,1424,2755,1745,7.0,3669,10.64,1,0,0,1,12
3532,3648,Honda Jazz V CVT,Mumbai,2017,17978,First,190,1199,887,5.0,101,6.95,0,1,1,0,6
3535,3651,Maruti S-Cross Alpha DDiS 200 SH,Kolkata,2016,45296,First,251,1248,885,5.0,1253,6.99,1,0,0,1,7
3546,3662,Tata Hexa XT,Pune,2017,39800,First,176,2179,15386,7.0,2087,14.25,1,0,0,1,6
3557,3674,Maruti Eeco 7 Seater Standard,Coimbatore,2016,42225,First,151,1196,73,7.0,498,4.3,0,1,0,1,7
3565,3682,Maruti Ignis 1.2 Delta,Kochi,2019,12076,First,2089,1197,8180,5.0,59,5.5,0,1,0,1,4
3570,3687,Volkswagen Polo GT TSI,Coimbatore,2017,50534,First,1721,1197,1035,5.0,1166,8.27,0,1,1,0,6
3580,3697,BMW 5 Series 520d Luxury Line,Ahmedabad,2010,46000,First,2248,1995,190,5.0,6371,16.5,1,0,1,0,13
3588,3705,Mercedes-Benz GLC 220d 4MATIC Style,Coimbatore,2019,29311,First,179,2143,170,5.0,6457,50.97,1,0,1,0,4
3589,3706,BMW 3 Series Luxury Line,Mumbai,2016,31000,First,2176,1995,190,5.0,6088,29.95,1,0,1,0,7
3602,3719,Ford EcoSport 1.5 Petrol Titanium Plus AT,Pune,2017,14000,First,148,1497,12136,5.0,1323,9.99,0,1,1,0,6
3608,3726,Maruti Vitara Brezza ZDi Plus Dual Tone,Ahmedabad,2017,33000,First,243,1248,885,5.0,1106,9.25,1,0,0,1,6
3613,3731,Nissan Terrano XV D Pre,Mumbai,2013,60000,Second,1964,1461,1085,5.0,1721,5.45,1,0,0,1,10
3614,3732,Maruti Celerio ZXI AMT,Coimbatore,2017,35225,First,231,998,6704,5.0,656,5.25,0,1,1,0,6
3616,3735,BMW 3 Series 320d,Hyderabad,2010,80000,First,2269,1995,190,5.0,472,14.2,1,0,1,0,13
3619,3738,Hyundai Grand i10 1.2 Kappa Sportz,Coimbatore,2016,29091,First,189,1197,8186,5.0,682,4.87,0,1,0,1,7
3626,3745,Maruti Vitara Brezza ZDi Plus Dual Tone,Coimbatore,2017,26927,First,243,1248,885,5.0,1256,11.39,1,0,0,1,6
3628,3747,Maruti Vitara Brezza ZDi,Delhi,2016,35299,First,243,1248,885,5.0,1014,8.0,1,0,0,1,7
3633,3752,Land Rover Range Rover Sport HSE,Kochi,2015,38467,First,1265,2993,255,5.0,16,70.66,1,0,1,0,8
3640,3759,Maruti Alto K10 VXI,Mumbai,2017,12000,First,2407,998,671,5.0,482,3.25,0,1,0,1,6
3655,3774,Maruti Ciaz Zeta,Kochi,2018,10575,First,2156,1462,10325,5.0,1111,9.18,0,1,0,1,5
3658,3777,Maruti Wagon R VXI 1.2,Kochi,2015,49818,First,215,1197,8180,5.0,544,4.11,0,1,0,1,8
3665,3784,Toyota Innova Crysta 2.8 ZX AT,Kochi,2017,26023,First,1136,2755,1715,7.0,2655,19.97,1,0,1,0,6
3667,3786,Maruti Swift VDI,Pune,2014,115000,First,284,1248,74,5.0,826,4.5,1,0,0,1,9
3674,3793,Tata Zest Quadrajet 1.3 XT,Bangalore,2017,27768,First,2065,1248,887,5.0,1006,5.85,1,0,0,1,6
3700,3820,Maruti Alto K10 VXI,Chennai,2011,28300,First,2407,998,671,5.0,45,2.15,0,1,0,1,12
3716,3836,Audi A6 35 TFSI Matrix,Delhi,2018,22000,First,1526,1798,18774,5.0,5697,41.5,0,1,1,0,5
3718,3838,Maruti Vitara Brezza ZDi Plus Dual Tone,Coimbatore,2018,28741,First,243,1248,885,5.0,1256,11.0,1,0,0,1,5
3721,3841,Hyundai Verna VTVT 1.6 SX,Kolkata,2018,5000,First,170,1591,1213,5.0,1119,8.7,0,1,0,1,5
3722,3842,Maruti Ertiga ZDI Plus,Hyderabad,2016,42000,First,2547,1248,8850,7.0,1333,9.9,1,0,0,1,7
3725,3845,Hyundai Verna VTVT 1.6 SX,Kochi,2012,32542,First,170,1591,1213,5.0,1167,5.77,0,1,0,1,11
3732,3852,BMW 3 Series 320d,Kochi,2012,55598,First,2269,1995,190,5.0,4787,11.5,1,0,1,0,11
3767,3889,Maruti Dzire VDI,Jaipur,2013,77084,First,284,1248,7375,5.0,875,4.95,1,0,0,1,10
3783,3907,Toyota Innova Crysta 2.8 GX AT 8S,Chennai,2016,40000,First,1136,2755,1715,8.0,211,16.45,1,0,1,0,7
3786,3910,Maruti Baleno Alpha Diesel,Mumbai,2018,2000,First,2739,1248,74,5.0,1028,8.7,1,0,0,1,5
3787,3911,Skoda Superb Style 1.8 TSI AT,Mumbai,2016,14500,First,1467,1798,17746,5.0,3336,20.75,0,1,1,0,7
3803,3927,Maruti Ciaz Alpha,Mumbai,2017,19416,First,2156,1462,10325,5.0,1156,8.25,0,1,0,1,6
3810,3935,Toyota Innova Crysta 2.8 ZX AT,Pune,2016,50296,Second,1136,2755,1715,7.0,2707,19.0,1,0,1,0,7
3818,3943,Jeep Compass 2.0 Longitude,Kochi,2018,26101,First,171,1956,170,5.0,2138,17.55,1,0,0,1,5
3819,3944,Maruti Alto K10 LXI Optional,Pune,2016,7000,First,2407,998,671,5.0,436,3.0,0,1,0,1,7
3828,3953,Honda Jazz Exclusive CVT,Mumbai,2018,3000,First,190,1199,887,5.0,1081,8.25,0,1,1,0,5
3839,3964,Nissan Sunny XE P,Coimbatore,2012,50297,First,1695,1498,976,5.0,855,4.69,0,1,0,1,11
3896,4022,Toyota Corolla Altis 1.8 GL,Chennai,2009,32000,Second,1428,1798,13803,5.0,2266,4.95,0,1,0,1,14
3900,4026,Maruti Alto K10 VXI,Jaipur,2016,51264,First,2407,998,671,5.0,424,3.2,0,1,0,1,7
3902,4028,Mercedes-Benz CLA 200 CGI Sport,Delhi,2016,40000,First,1504,1991,183,5.0,4102,24.5,0,1,1,0,7
3908,4034,Hyundai Creta 1.6 SX Automatic Diesel,Kolkata,2018,14000,First,176,1582,1262,5.0,17,11.25,1,0,1,0,5
3935,4061,Audi RS5 Coupe,Mumbai,2013,23312,First,1105,2894,444,4.0,128,40.5,0,1,1,0,10
3943,4069,BMW 5 Series 520d Luxury Line,Coimbatore,2014,60280,First,2248,1995,190,5.0,6371,22.45,1,0,1,0,9
3952,4079,Land Rover Range Rover 3.0 Diesel LWB Vogue,Hyderabad,2017,25000,First,1333,2993,255,5.0,23,160.0,1,0,1,0,6
3955,4083,Maruti Baleno RS Petrol,Coimbatore,2018,26731,First,211,998,100,5.0,1089,8.61,0,1,0,1,5
3968,4096,Toyota Camry Hybrid 2.5,Coimbatore,2017,23249,First,1916,2487,17567,5.0,4062,26.11,0,1,1,0,6
3970,4099,Hyundai Grand i10 1.2 Kappa Asta,Delhi,2018,10000,First,189,1197,8186,5.0,754,6.5,0,1,0,1,5
3975,4104,Skoda Superb Style 1.8 TSI AT,Coimbatore,2016,54253,First,1467,1798,17746,5.0,3019,16.81,0,1,1,0,7
3990,4119,Maruti Wagon R VXI,Pune,2014,38958,First,225,998,6704,5.0,556,3.41,0,1,0,1,9
3996,4125,Datsun redi-GO S,Chennai,2016,26239,First,227,799,53,5.0,443,2.75,0,1,0,1,7
4002,4131,Toyota Fortuner 2.8 2WD MT,Coimbatore,2019,56251,First,1424,2755,1745,7.0,3717,35.82,1,0,0,1,4
4005,4134,Honda BR-V i-VTEC S MT,Bangalore,2016,34004,First,154,1497,1173,7.0,129,8.02,0,1,0,1,7
4017,4147,Maruti Dzire VDI,Kochi,2017,54758,First,284,1248,7375,5.0,858,6.67,1,0,0,1,6
4033,4163,Toyota Innova Crysta 2.8 ZX AT,Bangalore,2017,53841,First,1136,2755,1715,7.0,2805,20.5,1,0,1,0,6
4034,4164,Hyundai Creta 1.6 SX Option,Kochi,2017,47183,Second,158,1591,1213,5.0,1586,11.31,0,1,0,1,6
4039,4169,Datsun redi-GO T Option,Kochi,2018,6279,First,227,799,5364,5.0,405,3.6,0,1,0,1,5
4050,4180,Hyundai Creta 1.6 SX Option Diesel,Coimbatore,2017,101065,First,205,1582,1262,5.0,1918,11.45,1,0,0,1,6
4051,4181,Maruti Baleno Delta,Kochi,2017,15134,First,214,1197,831,5.0,736,6.37,0,1,0,1,6
4058,4188,Maruti Ertiga VDI,Chennai,2016,86000,Second,2547,1248,8850,7.0,1099,8.2,1,0,0,1,7
4075,4205,Honda City i-DTEC SV,Kolkata,2015,39000,First,256,1498,986,5.0,1223,5.49,1,0,0,1,8
4078,4208,Volkswagen Vento 1.6 Highline,Jaipur,2016,33000,First,1609,1598,1035,5.0,1163,7.7,0,1,0,1,7
4090,4220,Hyundai Verna VTVT 1.6 SX,Bangalore,2014,46676,First,170,1591,1213,5.0,1227,7.75,0,1,0,1,9
4091,4221,Maruti Alto K10 LXI,Kochi,2014,51349,First,2407,998,671,5.0,391,2.93,0,1,0,1,9
4103,4233,Audi Q3 30 TDI Premium FWD,Coimbatore,2018,22060,First,1851,1968,14751,5.0,448,32.73,1,0,1,0,5
4106,4236,Audi A4 35 TDI Premium Plus,Kochi,2015,13506,First,1825,1968,18774,5.0,504,21.66,1,0,1,0,8
4107,4237,Renault KWID RXT Optional,Mumbai,2016,16000,First,2517,799,533,5.0,478,2.99,0,1,0,1,7
4123,4253,Honda Amaze S Petrol,Kolkata,2013,32576,First,195,1199,8876,5.0,736,3.15,0,1,0,1,10
4135,4265,Datsun redi-GO T Option,Coimbatore,2017,27509,First,227,799,5364,5.0,404,3.31,0,1,0,1,6
4143,4273,Skoda Superb Style 1.8 TSI AT,Mumbai,2016,53000,First,1467,1798,17746,5.0,3336,17.85,0,1,1,0,7
4154,4284,Toyota Innova Crysta 2.8 ZX AT,Delhi,2016,42000,First,1136,2755,1715,7.0,2655,19.6,1,0,1,0,7
4170,4300,Maruti Wagon R VXI AMT,Mumbai,2018,1997,First,225,998,67,5.0,614,4.45,0,1,1,0,5
4171,4301,Maruti Vitara Brezza ZDi Plus Dual Tone,Pune,2016,47300,First,243,1248,885,5.0,1196,8.85,1,0,0,1,7
4178,4308,Maruti Ertiga VDI,Coimbatore,2014,53817,First,2547,1248,8850,7.0,1144,7.56,1,0,0,1,9
4188,4318,Toyota Innova Crysta 2.8 ZX AT,Ahmedabad,2016,42388,First,1136,2755,1715,7.0,2463,18.0,1,0,1,0,7
4197,4327,BMW X1 xDrive 20d M Sport,Kolkata,2017,27001,First,2068,1995,190,5.0,5026,29.0,1,0,1,0,6
4204,4334,Hyundai Grand i10 1.2 Kappa Sportz,Coimbatore,2017,38712,First,189,1197,8186,5.0,745,5.87,0,1,0,1,6
4216,4346,Maruti Swift ZXI Plus,Ahmedabad,2018,2000,First,220,1197,8180,5.0,816,7.75,0,1,0,1,5
4220,4350,Toyota Innova Crysta 2.4 VX MT 8S,Coimbatore,2019,31271,First,1368,2393,1478,8.0,2401,21.42,1,0,0,1,4
4229,4361,Skoda Rapid 1.5 TDI Ambition,Mumbai,2012,54500,First,2113,1498,1084,5.0,1372,4.1,1,0,0,1,11
4241,4373,Toyota Innova Crysta 2.4 ZX MT,Ahmedabad,2016,54000,First,1368,2393,1478,7.0,2314,16.5,1,0,0,1,7
4269,4401,Tata Tiago 1.2 Revotron XZ WO Alloy,Hyderabad,2017,16500,First,2384,1199,84,5.0,629,5.0,0,1,0,1,6
4271,4403,Honda Amaze V Petrol,Jaipur,2018,6000,First,195,1199,8676,5.0,818,6.7,0,1,0,1,5
4276,4408,Maruti Wagon R LXI,Mumbai,2010,12000,First,225,998,6704,5.0,504,2.45,0,1,0,1,13
4311,4444,Hyundai Grand i10 1.2 Kappa Magna,Kolkata,2018,4500,First,189,1197,8186,5.0,64,4.8,0,1,0,1,5
4314,4447,Hyundai Grand i10 1.2 Kappa Asta,Kochi,2017,51223,First,189,1197,8186,5.0,748,5.66,0,1,0,1,6
4318,4451,Ford Mustang V8,Kochi,2018,21290,First,130,4951,395,4.0,8392,56.8,0,1,1,0,5
4319,4452,Toyota Innova Crysta 2.8 GX AT,Kochi,2019,14076,First,1136,2755,1715,7.0,2074,19.4,1,0,1,0,4
4330,4463,Hyundai Grand i10 1.2 Kappa Asta,Hyderabad,2017,22500,First,189,1197,8186,5.0,782,5.99,0,1,0,1,6
4337,4470,Honda Amaze S Diesel,Kolkata,2013,46500,First,274,1498,986,5.0,854,3.3,1,0,0,1,10
4339,4472,Maruti Wagon R VXI,Jaipur,2017,39867,First,225,998,6704,5.0,544,4.5,0,1,0,1,6
4348,4481,Skoda Superb Style 2.0 TDI AT,Mumbai,2015,19000,First,1819,1968,1745,5.0,3694,15.5,1,0,1,0,8
4352,4485,Volkswagen Vento 1.5 TDI Comfortline,Kolkata,2012,34000,First,2064,1498,1085,5.0,1116,3.4,1,0,0,1,11
4354,4487,Hyundai Verna VTVT 1.6 SX Option,Kochi,2016,52378,First,170,1591,1213,5.0,136,7.97,0,1,0,1,7
4362,4495,Maruti Dzire AMT ZDI Plus,Kochi,2018,64035,First,284,1248,7375,5.0,107,8.55,1,0,1,0,5
4383,4516,Maruti Eeco 7 Seater Standard,Chennai,2016,55000,First,151,1196,73,7.0,487,3.75,0,1,0,1,7
4390,4523,Mitsubishi Pajero Sport 4X4,Coimbatore,2015,53497,First,135,2477,17556,7.0,346,16.42,1,0,0,1,8
4394,4527,Mercedes-Benz GLE 350d,Chennai,2016,29000,First,1157,2987,25479,5.0,9279,65.0,1,0,1,0,7
4399,4532,Maruti Wagon R VXI AMT,Kolkata,2017,17000,First,225,998,67,5.0,58,3.95,0,1,1,0,6
4408,4541,BMW 3 Series 320d,Mumbai,2011,51000,First,2269,1995,190,5.0,4787,10.5,1,0,1,0,12
4418,4551,BMW 5 Series 520d Luxury Line,Coimbatore,2011,51602,First,2248,1995,190,5.0,6371,17.27,1,0,1,0,12
4421,4554,BMW 3 Series Luxury Line,Pune,2016,70000,Second,2176,1995,190,5.0,6211,27.0,1,0,1,0,7
4427,4560,Honda Jazz V,Kochi,2017,36973,First,182,1199,887,5.0,871,6.8,0,1,0,1,6
4430,4563,Maruti Wagon R VXI,Mumbai,2014,43628,First,225,998,6704,5.0,561,3.16,0,1,0,1,9
4437,4570,Maruti Vitara Brezza ZDi Plus AMT Dual Tone,Chennai,2018,3300,First,243,1248,885,5.0,1288,11.5,1,0,1,0,5
4438,4571,Maruti Alto K10 LXI,Delhi,2016,35027,First,2407,998,671,5.0,391,3.0,0,1,0,1,7
4457,4590,Maruti Vitara Brezza ZDi,Bangalore,2017,45000,First,243,1248,885,5.0,11,9.75,1,0,0,1,6
4468,4601,BMW X1 sDrive 20d xLine,Coimbatore,2019,15456,First,2068,1995,190,5.0,4818,36.64,1,0,1,0,4
4478,4612,Hyundai Grand i10 1.2 CRDi Asta,Kochi,2015,81828,First,240,1186,7397,5.0,868,5.43,1,0,0,1,8
4498,4633,Renault KWID 1.0 RXT Optional,Jaipur,2016,26000,First,217,999,67,5.0,478,3.0,0,1,0,1,7
4514,4649,Honda WRV i-VTEC VX,Hyderabad,2017,15000,First,175,1199,887,5.0,1083,8.9,0,1,0,1,6
4517,4652,Volkswagen Vento 1.6 Comfortline,Kochi,2012,60818,First,1609,1598,1035,5.0,1105,3.59,0,1,0,1,11
4545,4680,Maruti Ertiga VDI,Pune,2016,54161,First,2547,1248,8850,7.0,1127,7.64,1,0,0,1,7
4550,4685,Volkswagen Vento 1.6 Comfortline,Kochi,2018,20488,Second,1609,1598,1035,5.0,1148,7.64,0,1,0,1,5
4554,4689,Toyota Fortuner 2.8 2WD MT,Coimbatore,2017,72668,First,1424,2755,1745,7.0,3717,28.85,1,0,0,1,6
4560,4695,Toyota Etios Cross 1.4L VD,Bangalore,2014,57464,First,2359,1364,6706,5.0,999,5.75,1,0,0,1,9
4571,4706,Toyota Innova Crysta 2.8 ZX AT,Chennai,2016,80000,First,1136,2755,1715,7.0,2695,19.5,1,0,1,0,7
4587,4724,Hyundai Xcent 1.2 VTVT E,Pune,2018,40000,First,2014,1197,8186,5.0,671,5.0,0,1,0,1,5
4591,4728,Hyundai Verna VTVT 1.6 SX Option,Kochi,2019,12336,First,170,1591,1213,5.0,136,11.88,0,1,0,1,4
4594,4731,Nissan Micra Active XV,Pune,2018,24000,First,1969,1198,6704,5.0,699,4.0,0,1,0,1,5
4597,4734,Volkswagen Vento 1.5 TDI Highline,Chennai,2011,121311,First,2064,1498,1085,5.0,1432,2.9,1,0,0,1,12
4610,4748,Tata Tiago 1.2 Revotron XT Option,Coimbatore,2019,16698,First,2384,1199,84,5.0,621,5.85,0,1,0,1,4
4617,4755,Land Rover Range Rover Evoque 2.0 TD4 HSE Dynamic,Hyderabad,2016,52000,First,1568,1999,177,5.0,7449,42.0,1,0,1,0,7
4634,4773,Hyundai Elite i20 Sportz Plus,Kochi,2017,37460,First,186,1197,8186,5.0,803,6.28,0,1,0,1,6
4639,4778,Mercedes-Benz S-Class S 350 d,Bangalore,2011,47140,Second,135,2925,28161,5.0,171,30.0,1,0,1,0,12
4641,4780,Hyundai Creta 1.6 SX Option Diesel,Bangalore,2016,93000,First,205,1582,1262,5.0,1918,10.8,1,0,0,1,7
4649,4788,Volvo V40 D3 R Design,Hyderabad,2015,38000,Second,168,1969,150,5.0,379,24.0,1,0,1,0,8
4656,4795,BMW 3 Series Luxury Line,Kochi,2018,21936,First,2176,1995,190,5.0,5867,37.92,1,0,1,0,5
4668,4807,Skoda Superb Style 1.8 TSI AT,Delhi,2013,80000,Second,1467,1798,17746,5.0,3254,7.25,0,1,1,0,10
4672,4811,Mahindra Thar CRDe,Coimbatore,2017,28599,First,1655,2498,105,6.0,1171,9.66,1,0,0,1,6
4680,4819,Datsun redi-GO T,Kolkata,2016,15000,First,227,799,5364,5.0,398,2.25,0,1,0,1,7
4687,4826,Maruti Alto K10 VXI,Kochi,2015,23876,First,2407,998,671,5.0,409,3.46,0,1,0,1,8
4701,4841,BMW 3 Series 320d,Hyderabad,2011,89000,First,2269,1995,190,5.0,472,13.95,1,0,1,0,12
4704,4844,Maruti Wagon R VXI 1.2,Kolkata,2014,37000,First,215,1197,8180,5.0,556,2.8,0,1,0,1,9
4718,4858,Audi A4 35 TDI Technology,Hyderabad,2017,14000,First,1825,1968,18774,5.0,5561,43.0,1,0,1,0,6
4723,4863,Hyundai Santro D Lite,Chennai,2001,140000,Third,203,1086,68,5.0,455,0.7,0,1,0,1,22
4733,4873,Maruti Baleno Alpha,Chennai,2016,16000,First,214,1197,831,5.0,88,6.95,0,1,0,1,7
4737,4877,Tata Nexon 1.2 Revotron XZ Plus,Coimbatore,2018,17477,First,170,1198,1085,5.0,1113,9.62,0,1,0,1,5
4740,4880,Maruti Wagon R LXI,Kochi,2014,52431,First,225,998,6704,5.0,459,3.01,0,1,0,1,9
4746,4887,Maruti Vitara Brezza ZDi Plus,Kochi,2018,57078,First,243,1248,885,5.0,1158,10.19,1,0,0,1,5
4753,4894,Maruti Baleno Alpha Diesel,Hyderabad,2017,24000,First,2739,1248,74,5.0,1063,8.4,1,0,0,1,6
4760,4902,Maruti Baleno Alpha CVT,Mumbai,2018,3000,First,214,1197,831,5.0,103,8.85,0,1,1,0,5
4765,4907,Honda City i-VTEC VX,Ahmedabad,2017,29000,First,174,1497,1173,5.0,1268,10.0,0,1,0,1,6
4772,4914,Mercedes-Benz GLC 220d 4MATIC Style,Mumbai,2017,24000,First,179,2143,170,5.0,5977,46.95,1,0,1,0,6
4783,4926,Hyundai Creta 1.6 SX Option Executive,Coimbatore,2018,44383,First,158,1591,1213,5.0,177,13.25,0,1,0,1,5
4786,4929,Hyundai Creta 1.6 SX,Delhi,2016,69000,First,158,1591,1213,5.0,1423,9.7,0,1,0,1,7
4791,4934,Maruti Dzire AMT VDI,Coimbatore,2018,25082,First,284,1248,7375,5.0,962,8.37,1,0,1,0,5
4799,4942,Audi A4 35 TDI Premium Plus,Coimbatore,2014,28469,First,1825,1968,18774,5.0,5314,24.37,1,0,1,0,9
4807,4950,Ford Aspire Titanium Diesel,Kolkata,2017,60048,First,261,1498,99,5.0,891,6.0,1,0,0,1,6
4817,4961,Maruti Dzire AMT ZXI Plus,Coimbatore,2019,8018,First,220,1197,8180,5.0,1026,8.3,0,1,1,0,4
4824,4968,Tata Tiago AMT 1.2 Revotron XZA,Pune,2018,2000,First,2384,1199,8383,5.0,694,5.0,0,1,1,0,5
4829,4973,Hyundai Verna CRDi 1.6 SX Option,Hyderabad,2008,109606,First,220,1582,1262,5.0,1559,2.9,1,0,0,1,15
4834,4978,Honda Amaze V CVT Petrol,Kochi,2019,25717,First,190,1199,8876,5.0,947,8.86,0,1,1,0,4
4837,4981,Honda Jazz VX,Chennai,2017,8000,First,182,1199,887,5.0,91,7.9,0,1,0,1,6
4840,4984,Hyundai Creta 1.6 SX Option Diesel,Coimbatore,2019,24864,First,205,1582,1262,5.0,1918,16.27,1,0,0,1,4
4844,4988,BMW 5 Series 530d M Sport,Hyderabad,2016,27000,First,1859,2993,265,5.0,7831,48.0,1,0,1,0,7
4845,4989,Audi A3 35 TDI Premium Plus,Mumbai,2016,39000,First,2038,1968,143,5.0,4289,18.9,1,0,1,0,7
4854,4998,Volkswagen Polo 1.5 TDI Comfortline,Jaipur,2015,66000,First,2014,1498,88,5.0,956,4.91,1,0,0,1,8
4858,5002,BMW X3 xDrive 20d xLine,Kochi,2017,36723,First,1856,1995,190,5.0,6476,32.57,1,0,1,0,6
4864,5009,Audi Q7 45 TDI Quattro Technology,Pune,2017,59500,First,1475,2967,245,7.0,9992,68.0,1,0,1,0,6
4873,5018,Honda Jazz VX Diesel,Hyderabad,2017,17151,First,273,1498,986,5.0,1105,8.4,1,0,0,1,6
4885,5030,Maruti Vitara Brezza LDi,Kochi,2018,32539,First,243,1248,885,5.0,863,8.39,1,0,0,1,5
4893,5038,Land Rover Discovery Sport TD4 HSE 7S,Coimbatore,2019,24013,First,1281,1999,14831,7.0,6922,56.14,1,0,1,0,4
4904,5049,Jeep Compass 2.0 Sport,Kolkata,2017,27000,First,171,1956,170,5.0,1845,15.0,1,0,0,1,6
4914,5059,Maruti Vitara Brezza ZDi,Coimbatore,2017,58829,First,243,1248,885,5.0,989,9.05,1,0,0,1,6
4917,5062,Maruti Celerio LXI MT,Kolkata,2018,30000,First,231,998,6704,5.0,487,3.75,0,1,0,1,5
4932,5078,Maruti Vitara Brezza ZDi,Coimbatore,2017,21789,First,243,1248,885,5.0,11,9.88,1,0,0,1,6
4933,5079,Hyundai Elite i20 Asta Option,Coimbatore,2019,21134,First,186,1197,8186,5.0,978,8.78,0,1,0,1,4
4940,5086,Maruti Dzire VDI,Hyderabad,2013,68434,First,284,1248,7375,5.0,914,5.5,1,0,0,1,10
4941,5087,Maruti Alto K10 VXI,Pune,2014,17000,First,2407,998,671,5.0,448,2.1,0,1,0,1,9
4944,5090,Hyundai Verna CRDi 1.6 SX Option,Mumbai,2013,79225,First,220,1582,1262,5.0,1557,5.5,1,0,0,1,10
4956,5102,Maruti Wagon R VXI,Kochi,2019,31817,First,225,998,6704,5.0,512,5.34,0,1,0,1,4
4961,5107,Mercedes-Benz GLE 250d,Hyderabad,2016,50000,First,179,2143,20115,5.0,7943,49.0,1,0,1,0,7
4965,5111,Tata Zest Quadrajet 1.3 75PS XE,Kolkata,2017,45000,First,2295,1248,74,5.0,794,3.75,1,0,0,1,6
4972,5118,Mercedes-Benz GLE 350d,Bangalore,2016,28541,First,1157,2987,25479,5.0,9513,60.75,1,0,1,0,7
4980,5127,Nissan Micra XV CVT,Kolkata,2011,44000,First,1915,1198,7594,5.0,873,2.65,0,1,1,0,12
4986,5133,Tata Zest Revotron 1.2 XT,Coimbatore,2015,27000,First,1757,1193,887,5.0,869,5.27,0,1,0,1,8
4988,5135,Honda Jazz VX Diesel,Chennai,2016,14980,First,273,1498,986,5.0,1081,7.4,1,0,0,1,7
5019,5166,Mercedes-Benz CLA 200 CDI Sport,Jaipur,2017,39000,First,179,2143,136,5.0,424,27.0,1,0,1,0,6
5025,5172,Toyota Corolla Altis 1.8 GL,Coimbatore,2015,53920,First,1428,1798,13803,5.0,2337,10.77,0,1,0,1,8
5028,5175,BMW 5 Series 530d M Sport,Chennai,2010,58000,First,1859,2993,265,5.0,7978,11.75,1,0,1,0,13
5033,5181,Tata Zest Revotron 1.2T XM,Kochi,2015,39208,First,1757,1193,887,5.0,763,4.52,0,1,0,1,8
5035,5183,Honda City i-VTEC VX,Coimbatore,2013,38622,First,174,1497,1173,5.0,1268,6.26,0,1,0,1,10
5040,5188,Hyundai Verna CRDi 1.6 AT SX Plus,Bangalore,2012,79000,First,220,1582,1262,5.0,166,5.25,1,0,1,0,11
5052,5200,Renault KWID Climber 1.0 AMT,Coimbatore,2018,38171,Second,225,999,67,5.0,572,4.99,0,1,1,0,5
5059,5207,Renault KWID 1.0 RXT Optional AMT,Kochi,2017,53105,First,225,999,67,5.0,493,4.41,0,1,1,0,6
5063,5211,Mahindra Bolero ZLX,Coimbatore,2017,68557,First,1596,2523,621,7.0,1128,8.14,1,0,0,1,6
5064,5212,Volkswagen Vento 1.5 TDI Highline,Hyderabad,2016,34000,First,2064,1498,1085,5.0,142,8.45,1,0,0,1,7
5080,5229,BMW 3 Series 320d,Bangalore,2012,73000,First,2269,1995,190,5.0,4879,12.5,1,0,1,0,11
5081,5230,Ford EcoSport 1.5 Diesel Trend,Kochi,2017,63423,First,230,1498,9896,5.0,1042,7.69,1,0,0,1,6
5088,5237,Hyundai Creta 1.6 SX Option,Kochi,2018,53322,First,158,1591,1213,5.0,1606,12.13,0,1,0,1,5
5092,5241,Ford EcoSport 1.5 Petrol Titanium,Hyderabad,2017,21800,First,170,1497,12136,5.0,1127,8.75,0,1,0,1,6
5100,5249,Ford Freestyle Titanium Plus Petrol,Jaipur,2018,1001,First,190,1194,9468,5.0,844,7.23,0,1,0,1,5
5105,5254,Hyundai Elantra 1.6 SX,Pune,2013,170000,First,2254,1582,1262,5.0,2087,7.5,1,0,0,1,10
5107,5256,Maruti Vitara Brezza ZDi Plus Dual Tone,Pune,2016,85000,First,243,1248,885,5.0,1196,8.9,1,0,0,1,7
5111,5260,Toyota Etios Cross 1.4L VD,Jaipur,2014,62322,First,2359,1364,6706,5.0,955,4.9,1,0,0,1,9
5112,5261,Maruti Alto K10 VXI,Kochi,2015,37929,First,2407,998,671,5.0,409,3.69,0,1,0,1,8
5113,5262,Tata Tiago 1.2 Revotron XM Option,Chennai,2016,5400,First,2384,1199,84,5.0,545,3.98,0,1,0,1,7
5117,5266,Volkswagen Ameo 1.2 MPI Highline,Kochi,2017,14576,First,170,1198,7375,5.0,838,6.69,0,1,0,1,6
5118,5267,Honda BRV i-VTEC V CVT,Mumbai,2017,17000,First,160,1497,1173,7.0,1502,9.5,0,1,1,0,6
5122,5271,Maruti Celerio ZXI Optional AMT,Kochi,2018,12278,First,231,998,6704,5.0,595,5.63,0,1,1,0,5
5123,5272,Hyundai Creta 1.6 SX,Coimbatore,2018,17665,First,158,1591,1213,5.0,1536,11.78,0,1,0,1,5
5130,5279,Tata Zest Revotron 1.2T XE,Kolkata,2017,65000,First,1757,1193,887,5.0,659,4.8,0,1,0,1,6
5131,5280,Volkswagen Vento 1.6 Comfortline,Kolkata,2014,38000,First,1609,1598,1035,5.0,1094,3.49,0,1,0,1,9
5141,5290,Volkswagen Polo 1.5 TDI Highline,Hyderabad,2016,29647,First,2014,1498,88,5.0,1015,6.3,1,0,0,1,7
5142,5291,Maruti Baleno RS Petrol,Kochi,2018,43639,First,211,998,100,5.0,983,8.15,0,1,0,1,5
5155,5304,BMW 3 Series Luxury Line,Bangalore,2017,21000,First,2176,1995,190,5.0,6207,35.0,1,0,1,0,6
5159,5308,Maruti Dzire VXI,Pune,2013,74000,First,220,1197,8180,5.0,767,4.5,0,1,0,1,10
5161,5310,Volkswagen Polo 1.5 TDI Highline,Chennai,2017,25000,First,2014,1498,88,5.0,997,6.9,1,0,0,1,6
5164,5313,Audi A6 35 TDI Matrix,Chennai,2015,20000,First,1853,1968,18774,5.0,6767,35.5,1,0,1,0,8
5165,5314,Hyundai Grand i10 1.2 CRDi Sportz,Kochi,2018,32663,First,240,1186,7397,5.0,818,6.28,1,0,0,1,5
5167,5316,Tata Bolt Quadrajet XE,Hyderabad,2016,100303,First,2295,1248,74,5.0,743,3.7,1,0,0,1,7
5172,5321,Maruti Eeco 7 Seater Standard,Mumbai,2014,34670,First,151,1196,73,7.0,471,2.9,0,1,0,1,9
5175,5324,Hyundai Grand i10 1.2 CRDi Sportz,Delhi,2015,59261,First,240,1186,7397,5.0,818,4.25,1,0,0,1,8
5179,5328,BMW 3 Series 320d Luxury Line,Hyderabad,2015,47000,First,2269,1995,190,5.0,5368,29.5,1,0,1,0,8
5182,5331,Ford Ecosport Signature Edition Diesel,Ahmedabad,2018,13000,First,230,1498,9896,5.0,1212,10.9,1,0,0,1,5
5183,5332,Maruti Celerio ZXI MT,Bangalore,2015,48808,First,231,998,6704,5.0,605,4.3,0,1,0,1,8
5190,5339,Hyundai i20 Active SX Dual Tone Petrol,Pune,2019,1000,First,1719,1197,8186,5.0,1025,8.6,0,1,0,1,4
5201,5350,Volkswagen Ameo 1.5 TDI Highline,Pune,2016,20000,First,2166,1498,10862,5.0,1004,6.75,1,0,0,1,7
5204,5353,Volkswagen Polo GT TSI,Kochi,2015,26323,First,1721,1197,1035,5.0,1083,7.4,0,1,1,0,8
5208,5357,Mahindra Bolero ZLX,Jaipur,2016,65000,First,1596,2523,621,7.0,1115,7.21,1,0,0,1,7
5210,5359,Hyundai Xcent 1.2 CRDi S,Kolkata,2017,51000,First,254,1186,7397,5.0,823,4.2,1,0,0,1,6
5217,5366,Toyota Innova Crysta 2.4 GX MT,Hyderabad,2016,73000,First,1368,2393,1478,7.0,1937,16.5,1,0,0,1,7
5226,5375,Maruti Swift LDI,Jaipur,2015,39437,First,284,1248,74,5.0,701,5.15,1,0,0,1,8
5235,5384,Tata Zest Revotron 1.2T XM,Mumbai,2014,36000,First,1757,1193,887,5.0,763,3.7,0,1,0,1,9
5244,5393,Hyundai Grand i10 1.2 Kappa Magna,Pune,2010,45252,First,189,1197,8186,5.0,68,2.25,0,1,0,1,13
5247,5396,Maruti Ertiga VDI,Kochi,2018,51236,First,2547,1248,8850,7.0,1083,8.49,1,0,0,1,5
5266,5415,Maruti Dzire AMT VXI,Chennai,2017,42000,First,220,1197,8180,5.0,813,5.5,0,1,1,0,6
5270,5419,Toyota Corolla Altis 1.8 VL CVT,Coimbatore,2016,82725,First,1428,1798,13803,5.0,2527,11.99,0,1,1,0,7
5271,5420,BMW 3 Series Sport,Mumbai,2016,19000,Second,2176,1995,190,5.0,573,29.99,1,0,1,0,7
5277,5427,Maruti Wagon R VXI AMT,Delhi,2016,30000,First,225,998,67,5.0,568,4.25,0,1,1,0,7
5281,5431,Maruti Vitara Brezza ZDi Plus Dual Tone,Delhi,2016,22000,First,243,1248,885,5.0,1175,8.25,1,0,0,1,7
5284,5434,Honda WR-V Edge Edition i-VTEC S,Kochi,2019,13913,First,175,1199,887,5.0,936,8.2,0,1,0,1,4
5296,5447,Mercedes-Benz GLA Class 200 d Style,Kochi,2016,26212,First,179,2143,136,5.0,3872,24.46,1,0,1,0,7
5297,5448,Tata Zest Revotron 1.2T XMS,Pune,2014,23500,Second,1757,1193,887,5.0,77,3.9,0,1,0,1,9
5299,5450,Maruti Wagon R VXI AMT1.2,Mumbai,2015,26000,First,215,1197,8180,5.0,643,3.65,0,1,1,0,8
5300,5451,Hyundai Xcent 1.2 CRDi S,Kolkata,2016,26000,First,254,1186,7397,5.0,823,5.0,1,0,0,1,7
5313,5465,Maruti Wagon R VXI,Jaipur,2017,35362,First,225,998,6704,5.0,544,3.85,0,1,0,1,6
5318,5470,BMW 3 Series 320d,Bangalore,2010,58000,First,2269,1995,190,5.0,4879,11.5,1,0,1,0,13
5327,5479,Renault KWID Climber 1.0 AMT,Chennai,2018,14000,First,225,999,67,5.0,567,4.5,0,1,1,0,5
5332,5484,Hyundai Creta 1.6 SX Option Diesel,Coimbatore,2016,47392,First,205,1582,1262,5.0,1918,13.82,1,0,0,1,7
5354,5507,Maruti Dzire LDI,Pune,2017,48000,First,284,1248,7375,5.0,791,6.0,1,0,0,1,6
5356,5509,Renault KWID RXL,Jaipur,2016,26000,First,2517,799,533,5.0,396,2.55,0,1,0,1,7
5360,5513,Maruti Alto K10 VXI,Jaipur,2016,35000,First,2407,998,671,5.0,424,3.0,0,1,0,1,7
5363,5516,BMW X3 xDrive 20d Luxury Line,Mumbai,2018,1400,First,1856,1995,190,5.0,7055,61.25,1,0,1,0,5
5365,5518,Mini Cooper 3 DOOR S,Kochi,2016,21110,First,1744,1998,18908,4.0,3927,28.95,0,1,1,0,7
5374,5527,Toyota Etios Liva 1.2 G,Coimbatore,2015,64005,First,1771,1197,789,5.0,641,4.57,0,1,0,1,8
5379,5534,Nissan Micra XV CVT,Mumbai,2015,34895,First,1915,1198,7594,5.0,947,4.6,0,1,1,0,8
5387,5542,Toyota Innova Crysta 2.8 GX AT,Kochi,2017,20789,First,1136,2755,1715,7.0,2074,18.36,1,0,1,0,6
5390,5545,Land Rover Range Rover Sport SE,Delhi,2014,47000,Second,1265,2993,255,5.0,139,64.75,1,0,1,0,9
5403,5558,BMW 5 Series 520d Luxury Line,Coimbatore,2016,75637,First,2248,1995,190,5.0,7182,30.37,1,0,1,0,7
5405,5560,Renault KWID RXT Optional,Kochi,2019,6568,First,2517,799,533,5.0,478,5.09,0,1,0,1,4
5409,5564,BMW 3 Series 320d Luxury Line,Kochi,2016,62404,First,2269,1995,190,5.0,5443,21.33,1,0,1,0,7
5413,5568,BMW 3 Series Luxury Line,Coimbatore,2017,34232,First,2176,1995,190,5.0,5507,35.84,1,0,1,0,6
5414,5569,Honda CR-V Petrol 2WD,Chennai,2004,135000,Third,144,1997,152,5.0,3351,3.0,0,1,1,0,19
5415,5570,Renault Duster 110PS Diesel RxZ AWD,Chennai,2012,80000,First,1972,1461,10845,5.0,1594,6.75,1,0,0,1,11
5427,5582,Toyota Fortuner 2.8 2WD AT,Coimbatore,2019,28069,First,129,2755,1745,7.0,3445,30.85,1,0,1,0,4
5449,5604,Nissan Sunny XV D,Chennai,2012,70000,Second,2271,1461,848,5.0,1148,4.0,1,0,0,1,11
5451,5606,Maruti Wagon R ZXI AMT 1.2,Mumbai,2019,600,First,215,1197,8180,5.0,68,6.25,0,1,1,0,4
5470,5625,Tata Tigor XE Diesel,Ahmedabad,2017,16235,First,247,1047,69,5.0,715,5.5,1,0,0,1,6
5471,5626,Skoda Superb Style 1.8 TSI AT,Kochi,2017,73641,First,1467,1798,17746,5.0,3336,17.08,0,1,1,0,6
5476,5631,Hyundai Verna VTVT 1.6 AT SX Plus,Mumbai,2012,75059,First,170,1591,1213,5.0,137,4.25,0,1,1,0,11
5477,5632,Toyota Etios 1.4 VXD,Pune,2018,3000,First,2359,1364,6704,5.0,1063,7.9,1,0,0,1,5
5489,5644,Volkswagen Polo 1.5 TDI Highline,Coimbatore,2014,52951,First,2014,1498,88,5.0,1032,5.65,1,0,0,1,9
5494,5650,Maruti Eeco 7 Seater Standard,Delhi,2016,126000,First,151,1196,73,7.0,443,2.2,0,1,0,1,7
5522,5679,Volkswagen Vento 1.5 TDI Highline,Hyderabad,2017,28000,First,2064,1498,1085,5.0,142,10.0,1,0,0,1,6
5523,5680,Hyundai Grand i10 1.2 Kappa Magna,Delhi,2017,46000,First,189,1197,8186,5.0,654,4.75,0,1,0,1,6
5527,5684,Maruti Baleno Zeta,Coimbatore,2018,33150,First,214,1197,831,5.0,871,7.39,0,1,0,1,5
5538,5695,Honda City i-VTEC VX,Ahmedabad,2012,34000,First,174,1497,1173,5.0,1268,5.75,0,1,0,1,11
5551,5708,Honda BRV i-VTEC V CVT,Mumbai,2017,16503,First,160,1497,1173,7.0,1502,9.5,0,1,1,0,6
5557,5715,Honda City i-VTEC CVT V,Kochi,2019,22321,First,180,1497,1173,5.0,134,11.66,0,1,1,0,4
5578,5736,Mahindra KUV 100 G80 K8 Dual Tone,Delhi,2018,42000,First,1815,1198,82,6.0,796,5.5,0,1,0,1,5
5590,5749,Honda City i-VTEC V,Kochi,2018,11732,First,174,1497,1173,5.0,1188,10.07,0,1,0,1,5
5597,5757,Toyota Innova Crysta 2.4 VX MT,Kolkata,2017,31000,First,1368,2393,1478,7.0,2136,16.95,1,0,0,1,6
5601,5762,Volvo S60 D4 Momentum,Hyderabad,2014,51000,First,2703,1969,190,5.0,4567,21.5,1,0,1,0,9
5604,5765,Honda Brio 1.2 S Option MT,Delhi,2012,40315,First,185,1198,868,5.0,592,2.75,0,1,0,1,11
5608,5769,Tata Tiago 1.2 Revotron XZ,Coimbatore,2019,20712,First,2384,1199,84,5.0,659,6.94,0,1,0,1,4
5617,5778,Nissan Terrano XL D Option,Kochi,2015,58817,First,1987,1461,8314,5.0,1506,6.25,1,0,0,1,8
5627,5788,Tata Tiago 1.2 Revotron XZ,Hyderabad,2017,22000,First,2384,1199,84,5.0,642,4.8,0,1,0,1,6
5628,5789,Renault KWID RXL,Kochi,2019,7858,First,2517,799,533,5.0,404,3.8,0,1,0,1,4
5634,5795,Honda Amaze VX Petrol,Mumbai,2014,21000,First,195,1199,8676,5.0,899,4.75,0,1,0,1,9
5638,5799,Volkswagen Vento 1.5 TDI Highline AT,Pune,2016,19000,First,215,1498,1085,5.0,1568,10.0,1,0,1,0,7
5644,5805,Skoda Rapid 1.6 MPI Ambition,Coimbatore,2019,21214,First,1541,1598,10352,5.0,1244,9.66,0,1,0,1,4
5647,5808,Maruti Celerio VXI AMT,Kolkata,2016,30000,First,231,998,6704,5.0,577,3.8,0,1,1,0,7
5658,5819,Renault KWID RXT Optional,Kochi,2017,21954,First,2517,799,533,5.0,478,3.7,0,1,0,1,6
5667,5828,Nissan Micra XV CVT,Coimbatore,2017,54387,First,1915,1198,7594,5.0,951,5.85,0,1,1,0,6
5668,5829,Renault KWID RXT Optional,Mumbai,2018,1617,First,2517,799,533,5.0,478,4.29,0,1,0,1,5
5669,5830,Honda City i-DTEC SV,Hyderabad,2015,82000,First,256,1498,986,5.0,1333,8.0,1,0,0,1,8
5693,5854,Hyundai Grand i10 1.2 Kappa Sportz,Kochi,2016,28147,First,189,1197,8186,5.0,662,5.07,0,1,0,1,7
5702,5864,Renault Duster 110PS Diesel RxZ,Bangalore,2014,70000,First,196,1461,10845,5.0,1501,8.25,1,0,0,1,9
5705,5867,Skoda Superb L&K 2.0 TDI AT,Mumbai,2017,35000,First,1819,1968,1745,5.0,4073,25.75,1,0,1,0,6
5710,5872,Maruti Vitara Brezza ZDi Plus Dual Tone,Kochi,2017,21248,First,243,1248,885,5.0,1175,9.44,1,0,0,1,6
5712,5875,Mercedes-Benz C-Class Progressive C 220d,Ahmedabad,2019,4000,First,0,1950,194,5.0,4914,35.0,1,0,1,0,4
5715,5879,Mitsubishi Pajero Sport 4X4,Jaipur,2014,70000,Second,135,2477,17556,7.0,3321,11.85,1,0,0,1,9
5728,5894,Hyundai Creta 1.6 SX,Hyderabad,2018,9900,First,158,1591,1213,5.0,1472,13.2,0,1,0,1,5
5738,5905,Tata Zest Quadrajet 1.3 75PS XE,Hyderabad,2016,125000,First,2295,1248,74,5.0,809,4.6,1,0,0,1,7
5740,5907,Renault Duster 110PS Diesel RxZ AMT,Coimbatore,2017,34686,First,196,1461,10845,5.0,1505,11.86,1,0,1,0,6
5756,5923,Skoda Superb Style 2.0 TDI AT,Mumbai,2017,42000,First,1819,1968,1745,5.0,3694,22.99,1,0,1,0,6
5760,5928,Mahindra NuvoSport N6,Coimbatore,2018,37323,Second,1745,1493,100,7.0,1052,7.29,1,0,0,1,5
5771,5940,Maruti Dzire LDI,Pune,2018,27000,First,284,1248,7375,5.0,791,5.9,1,0,0,1,5
5772,5941,Renault KWID RXL,Pune,2018,1000,First,2517,799,533,5.0,445,3.4,0,1,0,1,5
5777,5947,Maruti Ertiga VXI AT Petrol,Mumbai,2017,28000,First,1869,1462,103,7.0,1065,8.0,0,1,1,0,6
5789,5959,Toyota Corolla Altis 1.8 G CVT,Delhi,2010,109703,Second,1428,1798,13803,5.0,2046,4.0,0,1,1,0,13
5794,5964,Hyundai Verna VTVT 1.6 AT SX Option,Mumbai,2018,8000,First,170,1591,1213,5.0,1514,12.85,0,1,1,0,5
5800,5970,Mercedes-Benz GLA Class 200 Sport,Kochi,2018,17773,First,137,1991,183,5.0,3922,26.76,0,1,1,0,5
5801,5971,Volkswagen Polo 1.5 TDI Highline,Hyderabad,2013,65000,Second,2014,1498,88,5.0,1015,3.5,1,0,0,1,10
5804,5974,Volkswagen Ameo 1.2 MPI Highline,Ahmedabad,2016,34005,First,170,1198,7375,5.0,809,5.75,0,1,0,1,7
5811,5981,Maruti Baleno Alpha,Mumbai,2017,6000,First,214,1197,831,5.0,878,7.5,0,1,0,1,6
5812,5982,Tata Hexa XTA,Jaipur,2016,39000,First,176,2179,15386,7.0,21,13.5,1,0,1,0,7
5816,5987,Tata Tiago 1.2 Revotron XT,Kochi,2017,15386,First,2384,1199,84,5.0,556,5.11,0,1,0,1,6
5818,5989,Audi A4 35 TDI Premium Plus,Coimbatore,2013,58629,Second,1825,1968,18774,5.0,5314,16.52,1,0,1,0,10
5827,5999,Tata Bolt Revotron XT,Chennai,2016,10000,First,1757,1193,887,5.0,777,4.0,0,1,0,1,7
5830,6002,Volkswagen Vento 1.6 Highline,Mumbai,2011,38000,First,1609,1598,1035,5.0,1191,3.25,0,1,0,1,12
5833,6005,Maruti Vitara Brezza VDi,Pune,2016,37208,First,243,1248,885,5.0,993,7.43,1,0,0,1,7
5838,6010,Honda Brio 1.2 VX MT,Delhi,2013,33746,First,185,1198,868,5.0,663,3.2,0,1,0,1,10
5842,6014,Maruti Swift VDI,Delhi,2014,27365,First,284,1248,74,5.0,788,4.75,1,0,0,1,9
